{"U": 0, "null": 48, "LIFE IS BEAUTIFUL": 0, "\u7f85\u4f2f\u6258\u00b7\u8c9d\u5c3c\u5c3c": 0, "\u5c3c\u79d1\u840a\u5854\u00b7\u5e03\u62c9\u65af\u57fa": 0, "\u55ac\u6cbb\u00b7\u574e\u5854\u91cc\u5c3c": 0, "\u6731\u65af\u8482\u8afe\u00b7\u675c\u62c9\u8afe": 0, "1997": 0, "\u559c\u5287\uff0c\u6587\u85dd\uff0c\u6230\u722d": 0, "\u5e0c\u671b": 0, "\u4e00\u4f4d\u795e\u79d8\u7684\u964c\u751f\u4eba": 0, "\u4ea1\u547d\u4e4b\u5f92": 0, "\u7f8e\u9e97\u7684\u5be1\u5a66": 0, "\u7121\u60c5\u523a\u5ba2": 0, "\u585e\u723e\u5409\u5967\u00b7\u840a\u5967\u5167": 0, "\u4ea8\u5229\u00b7\u65b9\u9054": 0, "\u67e5\u723e\u65af\u00b7\u5e03\u6717\u68ee": 0, "\u514b\u52de\u8fea\u4e9e\u00b7\u5361\u8fea\u7d0d\u723e": 0, "\u5091\u68ee\u00b7\u7f85\u5df4\u8332": 0, "WALL-E": 0, "\u5b89\u5fb7\u9c81\u00b7\u65af\u5766\u987f": 0, "\u672c\u00b7\u4f2f\u7279": 0, "\u827e\u8389\u838e\u00b7\u5948\u7279": 0, "\u6770\u592b\u00b7\u52a0\u6797": 0, "\u5f17\u96f7\u5fb7\u00b7\u5a01\u52d2\u5fb7": 0, "2008": 0, "\u610f\u5916\u7f6a\u884c": 0, "\u5409\u5716\u00b7\u55ac\u745f\u592b": 0, "\u83ab\u6f22\u62c9\u723e": 0, "\u7c73\u5a1c": 0, "\u963f\u838e\u00b7\u6c99\u62c9\u65af": 0, "\u5b89\u897f\u5df4": 0, "2013": 0, "\u4e24\u4e2a\u9a97\u5b50": 0, "\u4e54\u6cbb\u00b7\u7f57\u4f0a\u00b7\u5e0c\u5c14": 0, "\u4fdd\u7f57\u00b7\u7ebd\u66fc": 0, "\u7f57\u4f2f\u7279\u00b7\u96f7\u5fb7\u798f": 0, "\u7f57\u4f2f\u7279\u00b7\u8096": 0, "\u67e5\u5c14\u65af\u00b7\u8fbe\u5b81": 0, "\u7c73\u5c14\u5361\u00b7\u8f9b\u683c\u7684\u5d1b\u8d77": 0, "Rakeysh Omprakash Mehra": 0, "Farhan Akhtar": 0, "Sonam Kapoor": 0, "Pawan Malhotra": 0, "Art Malik": 0, "Tangerines": 0, "Zaza Urushadze": 0, "Lembit Ulfsak": 0, "Elmo N\u00fcganen": 0, "Giorgi Nakashidze": 0, "Misha Meskhi": 0, "Georgia": 0, "THE GREAT ESCAPE": 0, "\u7d04\u7ff0\u00b7\u65af\u5716\u723e\u5409\u65af": 0, "\u53f2\u8482\u592b\u00b7\u9ea5\u594e\u56e0": 0, "\u8a79\u59c6\u65af\u00b7\u52a0\u7d0d": 0, "\u7406\u67e5\u5fb7\u00b7\u963f\u6ed5\u4f2f\u52d2": 0, "\u4e8c\u6230": 0, "\u5b64\u72ec\u7684\u6559\u6388": 0, "\u82f1\u683c\u739b\u00b7\u4f2f\u683c\u66fc": 0, "\u7ef4\u514b\u591a\u00b7\u8096\u65af\u7279\u9f99": 0, "\u6bd4\u6bd4\u00b7\u5b89\u5fb7\u68ee": 0, "\u82f1\u683c\u4e3d\u00b7\u56fe\u6797": 0, "\u53e4\u7eb3\u5c14\u00b7\u6bd4\u7ea6\u6069\u65af\u7279\u5170": 0, "1957\u5e74": 0, "DRAMA": 1, "THE GREEN MILE": 1, "FRANK DARABONT": 1, "TOM HANKS": 1, "MICHAEL CLARK DUNCAN": 1, "DAVID MOSE": 1, "BONNIE HUNT": 1, "FANTASY": 1, "GLADIATOR": 1, "RIDLEY SCOTT": 1, "RUSSELL CROWE": 1, "JOAQUIN PHOENIX": 1, "CONNIE NIELSEN": 1, "OLIVER REED": 1, "ACTION": 1, "L\u00c9ON: THE PROFESSIONAL": 1, "LUC BESSON": 1, "JEAN RENO": 1, "GARY OLDMAN": 1, "NATALIE PORTMAN": 1, "DANNY AIELLO": 1, "THRILLER": 1, "GREEN BOOK": 1, "PETER FARRELLY": 1, "VIGGO MORTENSEN": 1, "MAHERSHALA ALI": 1, "LINDA CARDELLINI": 1, "SEBASTIAN MANISCALCO": 1, "BIOGRAPHY": 1, "QARIB QARIB SINGLLE": 1, "MEGHNA GULZAR": 1, "IRRFAN KHAN": 1, "KONKONA SEN SHARMA": 1, "NEERAJ KABI": 1, "SOHUM SHAH": 1, "GANGS OF WASSEYPUR": 1, "ANURAG KASHYAP": 1, "MANOJ BAJPAYEE": 1, "RICHA CHADHA": 1, "NAWAZUDDIN SIDDIQUI": 1, "TIGMANSHU DHULIA": 1, "Udaan": 1, "VIKRAMADITYA MOTWANE": 1, "RAJAT BARMECHA": 1, "RONIT ROY": 1, "MANJOT SINGH": 1, "RAM KAPOOR": 1, "PAN SINGH TOMAR": 1, "MAHIE GILL": 1, "RAJESH ABHAY": 1, "HEMENDRA DANDOTIYA": 1, "AKIRA KUROSAWA": 1, "THE SEVENTH SEAL": 1, "INGMAR BERGMAN": 1, "MAX VON SYDOW": 1, "GUNNAR BJ\u00d6RNSTRAND": 1, "BENT EKLUND": 1, "NILS POPE": 1, "PHILOSOPHY": 1, "RASHOMON": 1, "TOSHIR\u00d4 MIFUNE": 1, "KY\u00d4KO KAMI": 1, "MASAYUKI MORI": 1, "J\u00d4 SHIMURA": 1, "GHOST": 1, "\u966a\u5ba1\u5458": 2, "\u897f\u5fb7\u5c3c\u00b7\u5415\u7f8e\u7279": 2, "\u4ea8\u5229\u00b7\u65b9\u8fbe": 2, "\u674e\u00b7J\u00b7\u79d1\u5e03": 2, "\u9a6c\u4e01\u00b7\u5df4\u5c14\u8428\u59c6": 2, "\u7ea6\u7ff0\u00b7\u83f2\u5fb7\u52d2": 2, "\u72af\u7f6a": 2, "\u6cd5\u5ead\u620f\u5267": 2, "1957": 2, "\u7f57\u4f2f\u7279\u00b7\u5fb7\u5c3c\u7f57": 2, "\u672c\u00b7\u91d1\u65af\u5229": 2, "\u4ea8\u5229\u00b7\u5e0c\u5c14": 2, "\u51ef\u4f26\u00b7\u5e0c\u5c14": 2, "\u5409\u7c73\u00b7\u5eb7\u5a01": 2, "\u6c64\u7c73\u00b7\u5fb7\u7ef4\u6258": 2, "1990": 2, "\u9a6c\u4e01\u00b7\u65af\u79d1\u585e\u65af": 2, "\u96f7\u00b7\u5229\u5965\u5854": 2, "\u4e54\u00b7\u4f69\u897f": 2, "\u6d1b\u6797\u00b7\u5e03\u62c9\u79d1": 2, "\u9ed1\u5e2e": 2, "\u5927\u885b\u00b7\u82ac\u5947": 2, "\u51f1\u6587\u00b7\u53f2\u6d3e\u897f": 2, "\u5b89\u5fb7\u9b6f\u00b7\u51f1\u6587\u00b7\u6c83\u514b": 2, "1995": 2, "\u9a5a\u609a": 2, "\u9676\u5fb7\u00b7\u83f2\u5229\u666e\u65af": 2, "\u83ef\u91d1\u00b7\u83f2\u5c3c\u514b\u65af": 2, "\u7f85\u4f2f\u7279\u00b7\u5fb7\u5c3c\u7f85": 2, "\u624e\u897f\u00b7\u6bd4\u8332": 2, "\u5f17\u6717\u897f\u7d72\u00b7\u5eb7\u7f85": 2, "\u99ac\u4e01\u00b7\u65af\u79d1\u585e\u65af": 2, "\u840a\u6602\u7d0d\u591a\u00b7\u8fea\u5361\u666e\u91cc\u5967": 2, "\u99ac\u7279\u00b7\u9054\u8499": 2, "\u5091\u514b\u00b7\u5c3c\u79d1\u723e\u68ee": 2, "\u99ac\u514b\u00b7\u6c83\u723e\u4f2f\u683c": 2, "\u4e49\u8584\u4e91\u5929": 2, "\u585e\u5c14\u5409\u5965\u00b7\u83b1\u6602": 2, "\u8a79\u59c6\u65af\u00b7\u4f0d\u5179": 2, "\u4f0a\u4e3d\u838e\u767d\u00b7\u9ea6\u6208\u6587": 2, "\u7279\u91cc\u7279\u00b7\u5a01\u5ec9\u59c6\u65af": 2, "\u6731\u8fea\u00b7\u798f\u65af\u7279": 2, "\u897f\u6bd4\u5c14\u00b7\u8c22\u6cfc\u5fb7": 2, "\u963f\u5c14\u4f2f\u7279\u00b7\u5e03\u9c81\u514b\u65af": 2, "SHUTTER ISLAND": 2, "\u827e\u7c73\u8389\u00b7\u83ab\u63d0\u9ed8": 2, "\u99ac\u514b\u00b7\u9b6f\u6cd5\u6d1b": 2, "\u5fc3\u7406\u9a5a\u609a": 2, "\u7cbe\u795e\u75c5\u9662": 2, "\u55ac\u7d0d\u00b7\u5e0c\u723e": 2, "\u746a\u683c\u7279\u00b7\u7f85\u6bd4": 2, "\u99ac\u4fee\u00b7\u9ea5\u5eb7\u7d0d": 2, "\u5287\u60c5": 2, "\u838e\u6717\u00b7\u53f2\u6771": 2, "\u55ac\u00b7\u4f69\u897f": 2, "\u8a79\u59c6\u65af\u00b7\u4f0d\u8332": 2, "\u71b1\u8840\u8b66\u63a2": 2, "\u9081\u514b\u723e\u00b7\u66fc": 2, "\u963f\u723e\u00b7\u5e15\u897f\u8afe": 2, "\u74e6\u723e\u00b7\u57fa\u723e\u9ed8": 2, "\u55ac\u6069\u00b7\u6c83\u4f0a\u7279": 2, "\u8759\u8760\u4fa0\uff1a\u9ed1\u6697\u9a91\u58eb": 3, "\u514b\u91cc\u65af\u6258\u5f17\u00b7\u8bfa\u5170": 3, "\u514b\u91cc\u65af\u8482\u5b89\u00b7\u8d1d\u5c14": 3, "\u5e0c\u65af\u00b7\u83b1\u6770": 3, "\u4e9a\u4f26\u00b7\u827e\u514b\u54c8\u7279": 3, "\u8fc8\u514b\u5c14\u00b7\u51ef\u6069": 3, "UA": 3, "INTERSTELLAR": 3, "\u9a6c\u4fee\u00b7\u9ea6\u5eb7\u7eb3": 3, "\u5b89\u59ae\u00b7\u6d77\u745f\u8587": 3, "\u6770\u897f\u5361\u00b7\u67e5\u65af\u5766": 3, "\u9ea6\u80af\u9f50\u00b7\u798f\u4f0a": 3, "Science Fiction": 3, "2014": 3, "\u590d\u4ec7\u8005\u8054\u76df\uff1a\u65e0\u9650\u6218\u4e89": 3, "\u5b89\u4e1c\u5c3c\u00b7\u7f57\u7d20": 3, "\u4e54\u00b7\u7f57\u7d20": 3, "\u5c0f\u7f57\u4f2f\u7279\u00b7\u5510\u5c3c": 3, "\u514b\u91cc\u65af\u00b7\u57c3\u6587\u65af": 3, "\u9a6c\u514b\u00b7\u9c81\u6cd5\u6d1b": 3, "\u590d\u4ec7\u8005\u8054\u76df": 3, "\u514b\u91cc\u65af\u00b7\u6d77\u59c6\u65af\u6c83\u65af": 3, "\u6c64\u59c6\u00b7\u54c8\u8fea": 3, "\u52a0\u91cc\u00b7\u5965\u5fb7\u66fc": 3, "\u8d85\u7ea7\u82f1\u96c4\u7247": 3, "\u52a8\u4f5c": 3, "DESPERATE MEASURES": 3, "NISHIKANT KAMAT": 3, "AJAY DEVGN": 3, "SHRIYA SARAN": 3, "TABU": 3, "RAJAT KAPOOR": 3, "2015": 3, "BAHUBALI: THE CONCLUSION": 3, "S.S. RAJAMOULI": 3, "PRABHAS": 3, "RANA DAGGUBATI": 3, "ANUSHKA SHETTY": 3, "TAMANNAAH BHATIA": 3, "TELEGU CINEMA": 3, "HISTORICAL": 3, "WARRIOR": 3, "\u52a0\u6587\u00b7\u5967\u5eb7\u7d0d": 3, "\u6e6f\u59c6\u00b7\u54c8\u8fea": 3, "\u5c3c\u514b\u00b7\u8afe\u7279": 3, "\u55ac\u723e\u00b7\u57c3\u54f2\u9813": 3, "\u73cd\u59ae\u5f17\u00b7\u83ab\u91cc\u68ee": 3, "\u6df7\u5408\u6b66\u8853": 3, "2011": 3, "PARASITE": 4, "\u5949\u4fca\u660a": 4, "\u5b8b\u5eb7\u660a": 4, "\u674e\u5584\u5747": 4, "\u8d75\u6c5d\u8d1e": 4, "\u5d14\u5b87\u690d": 4, "2019": 4, "DANGAL": 4, "\u5c3c\u7279\u4ec0\u00b7\u63d0\u74e6\u91cc": 4, "\u8428\u514b\u5e0c\u00b7\u5766\u74e6\u5c14": 4, "\u6cd5\u8482\u739b\u00b7\u8428\u5a1c\u00b7\u6c99\u4f0a\u514b": 4, "\u6851\u96c5\u00b7\u9a6c\u5c14\u970d\u7279\u62c9": 4, "\u8fd0\u52a8": 4, "\u793e\u4f1a\u538b\u8feb": 4, "\u82f1\u8054\u90a6\u8fd0\u52a8\u4f1a": 4, "2016": 4, "\u7b2c\u4e03\u53f7\u623f\u7684\u793c\u7269": 4, "\u6885\u8d6b\u6885\u7279\u00b7\u963f\u8fbe\u00b7\u5384\u5179\u7279\u91d1": 4, "\u963f\u62c9\u65af\u00b7\u5e03\u9c81\u7279\u00b7\u4f0a\u8036\u6885\u5229": 4, "\u5c3c\u8428\u00b7\u7d22\u83f2\u4e9a\u00b7\u963f\u514b\u677e\u53e4\u5c14": 4, "\u5fb7\u5c3c\u5179\u00b7\u5df4\u4f0a\u8428\u5c14": 4, "\u6770\u8389\u5c14\u00b7\u6258\u626c\u00b7\u4e4c\u4f0a\u8428\u5c14": 4, "\u7231\u60c5\u6545\u4e8b": 4, "\u76d1\u72f1": 4, "TV-14": 4, "\u4e00\u573a\u60b2\u60e8\u7684\u4e8b\u4ef6": 4, "\u82cf\u5c1a\u7279\u00b7\u8f9b\u683c\u00b7\u62c9\u6770\u666e\u7279": 4, "\u65bd\u62c9\u8fbe\u00b7\u5361\u666e\u5c14": 4, "\u74e6\u4f26\u00b7\u6c99\u5c14\u9a6c": 4, "\u666e\u62c9\u6cf0\u514b": 4, "\u5728\u4ed6\u7684\u5bb6\u4eba\u88ab\u4e00\u540d\u81ed\u540d\u662d\u8457\u4e14\u7121\u60c5\u7684\u5f37\u76dc\u8b00\u6bba\u5f8c\uff0c\u4e00\u540d\u524d\u8b66\u5bdf\u96c7\u7528\u5169\u540d\u4ea1\u547d\u4e4b\u5f92\u4f86\u6355\u6349\u9019\u540d\u5f37\u76dc": 4, "\u62c9\u6885\u4ec0\u00b7\u897f\u76ae": 4, "\u6851\u5409\u592b\u00b7\u5eab\u99ac\u723e": 4, "\u9054\u723e\u6885\u5fb7\u62c9": 4, "\u963f\u7c73\u5854\u5e03\u00b7\u5df4\u8d6b\u660c": 4, "\u963f\u59c6\u8cc8\u5fb7\u00b7\u6c57": 4, "\u5a5a\u793c\u8096\u50cf": 4, "\u585e\u7433\u00b7\u897f\u4e9a\u739b": 4, "\u8bfa\u7c73\u00b7\u6885\u5170": 4, "\u963f\u9edb\u5c14\u00b7\u827e\u514b\u8428\u5c14": 4, "\u5362\u5b89\u5a1c\u00b7\u5df4\u8d3e\u62c9\u7c73": 4, "\u74e6\u83b1\u91cc\u4e9a\u00b7\u6208\u5229\u8bfa": 4, "\u5854\u666e\u897f\u00b7\u6f58\u52aa": 4, "\u57fa\u5c14\u8482\u00b7\u5e93\u5c14\u54c8\u91cc": 4, "\u5b89\u5fb7\u70c8\u4e9a\u00b7\u5854\u91cc\u6602": 4, "\u5185\u675c\u9a6c\u5170\u00b7\u62c9\u8d3e\u7518\u201c\u9a6c\u62c9\u201d": 5, "\u82cf\u8fbe\u00b7\u5b54\u52a0\u62c9": 5, "\u82cf\u91cc\u4e9a": 5, "\u9a6c\u8fbe\u8303": 5, "\u5e15\u96f7\u4ec0\u00b7\u62c9\u74e6\u5c14": 5, "\u963f\u5e15\u5c14\u5a1c\u00b7\u5df4\u62c9\u7a46\u62c9\u5229": 5, "2020": 5, "\u82cf\u83b1\u66fc": 5, "\u574e\u00b7\u4e4c\u5c14\u51ef": 5, "2017": 5, "\u57c3\u5c14\u767b\u00b7\u8a79": 5, "\u5207\u5ef7\u00b7\u7279\u91d1\u591a": 5, "\u4f0a\u65af\u6885\u5c14\u00b7\u54c8\u5409\u5965\u683c\u9c81": 5, "\u4eac\u9547\u00b7\u674e": 5, "\u671d\u9c9c\u6218\u4e89": 5, "\u7ef4\u514b\u62c9\u59c6": 5, "\u76d6\u96c5\u7279\u91cc": 5, "\u666e\u4ec0\u5361\u5c14": 5, "\u7ef4\u6770\u00b7\u585e\u56fe\u5e15\u63d0": 5, "\u65bd\u62c9\u8fbe\u00b7\u65af\u91cc\u7eb3\u65af": 5, "\u963f\u7c73\u5c14\u00b7\u6c57": 5, "\u62c9\u5409\u5e93\u9a6c\u5c14\u00b7\u5e0c\u62c9\u5c3c": 5, "\u83ab\u5a1c\u00b7\u8f9b\u683c": 5, "\u6c99\u5c14\u66fc\u00b7\u4e54\u5e0c": 5, "\u65e0\u654c\u7834\u574f\u738b": 5, "\u963f\u83ab\u5c14\u00b7\u53e4\u666e\u7279": 5, "\u8fbe\u5c14\u5e0c\u5c14\u00b7\u8428\u6cd5\u91cc": 5, "\u63d0\u65af\u5361\u00b7\u4e54\u666e\u62c9": 5, "\u6559\u80b2": 5, "\u5370\u5ea6": 5, "INDIAN ARMY SPECIAL FORCES": 5, "\u963f\u8fea\u63d0\u4e9a\u00b7\u8fbe\u5c14": 5, "\u7ef4\u57fa\u00b7\u8003\u8096\u5c14": 5, "\u83ab\u5e0c\u7279\u00b7\u96f7\u7eb3": 5, "\u96c5\u7c73\u00b7\u9ad8\u5854\u59c6": 5, "THREE BILLBOARDS OUTSIDE EBBING, MISSOURI": 5, "MARTIN MCDONAGH": 5, "FRANCES MCDORMAND": 5, "WOODY HARRELSON": 5, "SAM ROCKWELL": 5, "CALEB LANDRY JONES": 5, "MURDER": 5, "\u7c73\u6d1b\u65af\u00b7\u798f\u5c14\u66fc": 6, "R": 6, "\u96fb\u5f71\u88fd\u4f5c\u4eba": 6, "\u5bb6\u9109": 6, "\u6731\u585e\u4f69\u00b7\u6258\u7d0d\u591a\u96f7": 6, "\u83f2\u5229\u666e\u00b7\u8afe\u96f7\u7279": 6, "\u6069\u4f50\u00b7\u5361\u7d0d\u74e6\u840a": 6, "\u5b89\u6771\u5167\u62c9\u00b7\u963f\u8482\u5229": 6, "\u4f0a\u838e\u00b7\u4e39\u5c3c\u5229": 6, "1988": 6, "\u5c71\u59c6\u00b7\u9580\u5fb7\u65af": 6, "\u8fea\u6069\u00b7\u67e5\u723e\u65af\u00b7\u67e5\u666e\u66fc": 6, "\u55ac\u6cbb\u00b7\u9ea5\u51f1": 6, "\u4e39\u5c3c\u723e\u00b7\u6885\u65af": 6, "\u79d1\u6797\u00b7\u8cbb\u723e\u65af": 6, "War": 6, "INCENDIES": 6, "\u4e39\u5c3c\u65af\u00b7\u7ef4\u4f26\u7ebd\u74e6": 6, "\u5362\u5e03\u5a1c\u00b7\u963f\u624e\u5df4\u5c14": 6, "\u6885\u4e3d\u838e\u00b7\u5fb7\u7d22\u5c14\u83ab": 6, "\u9a6c\u514b\u897f\u59c6\u00b7\u9ad8\u8fbe\u7279": 6, "\u7a46\u65af\u5854\u6cd5\u00b7\u5361\u6885\u5c14": 6, "2010": 6, "AMADEUS": 6, "F\u00b7\u7a46\u96f7\u00b7\u4e9a\u4f2f\u62c9\u7f55": 6, "\u6c64\u59c6\u00b7\u970d\u5c14\u65af": 6, "\u4f0a\u4e3d\u838e\u767d\u00b7\u8d1d\u91cc\u5947": 6, "\u7f57\u4f0a\u00b7\u591a\u7279\u91cc\u65af": 6, "\u97f3\u4e50\u4f20\u8bb0\u7247": 6, "RETIREMENT": 6, "MURDER INVESTIGATION": 6, "\u80e1\u5b89\u00b7\u4f55\u585e\u00b7\u574e\u6f58\u90a3": 6, "\u91cc\u5361\u591a\u00b7\u9054\u6797": 6, "\u7d22\u840a\u9054\u00b7\u7dad\u4e9e\u7c73\u723e": 6, "\u5df4\u52c3\u7f85\u00b7\u62c9\u6208": 6, "\u5361\u62c9\u00b7\u594e\u7dad\u591a": 6, "2009": 6, "\u4f69\u6f22": 6, "\u57c3\u7c73\u723e\u00b7\u5eab\u65af\u5716\u91cc\u5361": 6, "\u9054\u6c83\u723e\u00b7\u675c\u4f0a\u83ab\u7dad\u5947": 6, "\u535a\u62c9\u00b7\u6258\u591a\u7f85\u7dad\u5947": 6, "\u67f3\u6bd4\u5361\u00b7\u963f\u8332\u7dad\u5947": 6, "\u80e1\u65af\u5c3c\u4e9e\u00b7\u54c8\u5e0c\u83ab\u7dad\u5947": 6, "\u5149\u8f1d\u6545\u4e8b": 6, "STAR WARS: EPISODE V - THE EMPIRE STRIKES BACK": 7, "\u6b27\u6587\u00b7\u67ef\u8bb8\u7eb3": 7, "\u9a6c\u514b\u00b7\u54c8\u7c73\u5c14": 7, "\u54c8\u91cc\u68ee\u00b7\u798f\u7279": 7, "\u51ef\u4e3d\u00b7\u8d39\u96ea": 7, "\u6bd4\u5229\u00b7\u8fea\u00b7\u5a01\u5ec9\u59c6\u65af": 7, "SCI-FI": 7, "ADVENTURE": 7, "GOOD VS. EVIL": 7, "LUCASFILM": 7, "\u52d5\u756b": 7, "\u7406\u67e5\u5fb7\u00b7\u9a6c\u594e\u5fb7": 7, "\u5149\u660e\u4e0e\u9ed1\u6697": 7, "UP": 7, "\u76ae\u7279\u00b7\u9053\u514b\u7279": 7, "\u9b91\u52c3\u00b7\u5f7c\u5f97\u68ee": 7, "\u611b\u5fb7\u83ef\u00b7\u963f\u65af\u7d0d": 7, "\u55ac\u4e39\u00b7\u9577\u4e95": 7, "\u7d04\u7ff0\u00b7\u62c9\u5c91\u4f2f\u683c": 7, "\u52d5\u756b\u7247": 7, "\u5192\u96aa": 7, "\u76ae\u514b\u65af\u52d5\u756b\u5de5\u4f5c\u5ba4": 7, "\u5bae\u5d0e\u99ff": 7, "\u500d\u8cde\u5343\u6075\u5b50": 7, "\u6728\u6751\u62d3\u54c9": 7, "\u8cc0\u96c6\u5b8c": 7, "\u4e09\u8f2a\u660e\u5b8f": 7, "\u5370\u5730\u5b89\u7d0d\u00b7\u74ca\u65af\u8207\u8056\u676f\u7684\u8a5b\u5492": 7, "\u53f2\u8482\u6587\u00b7\u65af\u76ae\u723e\u4f2f\u683c": 7, "\u8096\u6069\u00b7\u5eb7\u7d0d\u5229": 7, "\u827e\u8389\u68ee\u00b7\u675c\u8fea": 7, "\u767b\u970d\u59c6\u00b7\u827e\u7565\u7279": 7, "\u7d0d\u7cb9": 7, "\u8056\u676f": 7, "\u96b1\u85cf\u7684\u4e16\u754c": 7, "\u9ad8\u6728\u4ec1\u5fd7": 7, "\u65e5\u9ad8\u6cd5\u5b50": 7, "\u5742\u672c\u5343\u590f": 7, "\u7cf8\u4e95\u91cd\u91cc": 7, "\u5409\u535c\u529b\u5de5\u4f5c\u5ba4": 7, "\u6559\u7236": 8, "\u5f17\u6717\u897f\u65af\u00b7\u798f\u7279\u00b7\u79d1\u6ce2\u62c9": 8, "\u963f\u5c14\u00b7\u5e15\u897f\u8bfa": 8, "\u7f57\u4f2f\u7279\u00b7\u675c\u74e6\u5c14": 8, "\u9edb\u5b89\u00b7\u57fa\u987f": 8, "\u9ed1\u5e2e\u7247": 8, "\u5bb6\u5ead": 8, "1974\u5e74": 8, "\u9a6c\u9f99\u00b7\u767d\u5170\u5ea6": 8, "\u8a79\u59c6\u65af\u00b7\u51ef\u6069": 8, "1972": 8, "\u7f85\u5091\u00b7\u963f\u52d2\u65af": 8, "\u7f85\u5e03\u00b7\u654f\u79d1\u592b": 8, "\u99ac\u4fee\u00b7\u5e03\u7f85\u5fb7\u91cc\u514b": 8, "\u5091\u745e\u7c73\u00b7\u827e\u6069\u65af": 8, "\u8a79\u59c6\u65af\u00b7\u5384\u723e\u00b7\u74ca\u65af": 8, "\u6f2b\u6f2b\u65e0\u671f": 8, "\u9a6c\u4e01\u00b7\u8f9b": 8, "\u5f17\u96f7\u5fb7\u91cc\u514b\u00b7\u798f\u96f7\u65af\u7279": 8, "1979": 8, "THERE WILL BE BLOOD": 8, "\u4fdd\u7f85\u00b7\u6258\u99ac\u65af\u00b7\u5b89\u5fb7\u68ee": 8, "\u4e39\u5c3c\u723e\u00b7\u6234-\u5289\u6613\u65af": 8, "\u4fdd\u7f85\u00b7\u9054\u8afe": 8, "\u57fa\u4e9e\u862d\u00b7\u8f9b\u5fb7\u65af": 8, "\u99ac\u4e01\u00b7\u65af\u7279\u6797": 8, "\u5b97\u6559": 8, "\u4ec7\u6068": 8, "\u77f3\u6cb9": 8, "\u760b\u72c2": 8, "\u674e\u00b7\u6602\u514b\u91cc\u5947": 8, "\u6e6f\u59c6\u00b7\u6f22\u514b\u65af": 8, "\u8482\u59c6\u00b7\u827e\u502b": 8, "\u74ca\u00b7\u5eab\u85a9\u514b": 8, "\u5167\u5fb7\u00b7\u6bd4\u63d0": 8, "\u5340\u57df": 8, "\u5b89\u5fb7\u70c8\u00b7\u5854\u53ef\u592b\u65af\u57fa": 8, "\u963f\u8389\u838e\u00b7\u5f17\u96f7\u5fb7\u5229\u514b": 8, "\u4e9e\u6b77\u5c71\u5927\u00b7\u51f1\u9054\u8afe\u592b\u65af\u57fa": 8, "\u963f\u7d0d\u6258\u5229\u00b7\u7d22\u6d1b\u5c3c\u8328": 8, "\u5c3c\u53e4\u62c9\u00b7\u683c\u6797\u79d1": 8, "\u5f17\u5170\u514b\u00b7\u5fb7\u62c9\u90a6\u7279": 9, "\u8482\u59c6\u00b7\u7f57\u5bbe\u65af": 9, "\u6469\u6839\u00b7\u5f17\u91cc\u66fc": 9, "\u9c8d\u52c3\u00b7\u5188\u987f": 9, "\u5a01\u5ec9\u00b7\u8428\u5fb7\u52d2": 9, "\u83b1\u6602\u7eb3\u591a\u00b7\u8fea\u5361\u666e\u91cc\u5965": 9, "\u7ea6\u745f\u592b\u00b7\u9ad8\u767b-\u83b1\u7ef4\u7279": 9, "\u827e\u7565\u7279\u00b7\u4f69\u5947": 9, "\u6e21\u8fb9\u8c26": 9, "\u5fc3\u7406\u5267\u60c5": 9, "\u4e00\u573a\u8d4f\u91d1\u730e\u4eba\u7684\u9a97\u5c40": 9, "\u585e\u5c14\u5409\u5965\u00b7\u83b1\u6602\u5185": 9, "\u514b\u6797\u7279\u00b7\u4f0a\u65af\u7279\u4f0d\u5fb7": 9, "\u57c3\u5229\u00b7\u74e6\u62c9\u8d6b": 9, "\u674e\u00b7\u8303\u514b\u91cc\u592b": 9, "\u963f\u5c14\u591a\u00b7\u6731\u5f17\u96f7": 9, "\u897f\u90e8": 9, "Django Unchained": 9, "\u6606\u6c40\u00b7\u5854\u4f26\u8482\u8bfa": 9, "\u6770\u7c73\u00b7\u798f\u514b\u65af": 9, "\u514b\u91cc\u65af\u6258\u5f17\u00b7\u74e6\u5c14\u5179": 9, "\u51ef\u745e\u00b7\u534e\u76db\u987f": 9, "\u897f\u90e8\u7247": 9, "2012": 9, "\u4e00\u4f4d\u6559\u5e2b\u904e\u8457\u5b64\u7368\u7684\u751f\u6d3b": 9, "\u6258\u99ac\u65af\u00b7\u7dad\u6ed5\u4f2f\u683c": 9, "\u99ac\u8332\u00b7\u7c73\u514b\u723e\u68ee": 9, "\u6258\u99ac\u65af\u00b7\u535a\u00b7\u62c9\u723e\u68ee": 9, "\u5b89\u59ae\u5361\u00b7\u7dad\u5fb7\u79d1\u666e": 9, "\u62c9\u585e\u00b7\u798f\u683c\u65af\u7279\u9686": 9, "\u4e24\u4e2a\u6709\u7740\u76f8\u540c\u610f\u56fe\u7684\u8d4f\u91d1\u730e\u4eba\u8054\u624b\u8ffd\u6355\u4e00\u4e2a\u897f\u90e8\u4ea1\u547d\u4e4b\u5f92": 9, "\u674e\u00b7\u8303\u00b7\u514b\u91cc\u592b": 9, "\u5409\u5b89\u00b7\u739b\u4e3d\u4e9a\u00b7\u6c83\u9686\u7279": 9, "\u739b\u62c9\u00b7\u514b\u9c81\u666e": 9, "1965": 9, "UNFORGIVEN": 9, "\u57fa\u6069\u00b7\u54c8\u514b\u66fc": 9, "\u7406\u67e5\u5fb7\u00b7\u54c8\u91cc\u65af": 9, "\u55ac\u7d0d\u68ee\u00b7\u5fb7\u7c73": 10, "\u55ac\u8fea\u00b7\u798f\u65af\u7279": 10, "\u5b89\u6771\u5c3c\u00b7\u970d\u666e\u91d1\u65af": 10, "\u52de\u502b\u65af\u00b7A\u00b7\u535a\u5c3c": 10, "\u5361\u897f\u00b7\u840a\u8499\u65af": 10, "\u9a5a\u609a\u7247": 10, "\u9023\u74b0\u6bba\u624b": 10, "\u98df\u4eba\u6bba\u624b": 10, "\u552f\u4e00\u7684\u5016\u5b58\u8005": 10, "\u5e03\u840a\u6069\u00b7\u8f9b\u683c": 10, "\u51f1\u6587\u00b7\u53f2\u8c9d\u897f": 10, "\u52a0\u5e03\u91cc\u57c3\u723e\u00b7\u4f2f\u6069": 10, "\u67e5\u8332\u00b7\u5e15\u723e\u660e\u7279\u91cc": 10, "\u53f2\u8482\u82ac\u00b7\u9b91\u5fb7\u6eab": 10, "\u69cd\u6230": 10, "\u963f\u723e\u5f17\u96f7\u5fb7\u00b7\u5e0c\u5340\u8003\u514b": 10, "\u8a79\u59c6\u65af\u00b7\u53f2\u90fd\u83ef": 10, "\u683c\u857e\u7d72\u00b7\u51f1\u8389": 10, "\u6eab\u5fb7\u723e\u00b7\u79d1\u745e": 10, "\u585e\u723e\u746a\u00b7\u745e\u7279": 10, "A BEAUTIFUL MIND": 10, "\u6717\u00b7\u970d\u83ef\u5fb7": 10, "\u62c9\u585e\u723e\u00b7\u514b\u52de": 10, "\u827e\u5fb7\u00b7\u54c8\u91cc\u65af": 10, "\u8a79\u59ae\u5f17\u00b7\u5eb7\u7d0d\u5229": 10, "\u514b\u91cc\u65af\u6258\u5f17\u00b7\u666e\u76e7\u9ed8": 10, "2001": 10, "L.A. CONFIDENTIAL": 10, "\u67ef\u8482\u65af\u00b7\u6f22\u68ee": 10, "\u84cb\u00b7\u76ae\u723e\u65af": 10, "\u91d1\u00b7\u8c9d\u8f9b\u683c": 10, "Crime": 10, "Mystery": 10, "Yojimbo": 10, "TOSHIRO MIFUNE": 10, "EIJI TONO": 10, "TATSUYA NAKADAI": 10, "YOKO TSUKAMOTO": 10, "Action": 10, "Western": 10, "\u79d1\u5e7b": 11, "AMERICAN HISTORY X": 11, "\u6258\u5c3c\u00b7\u51f1": 11, "\u611b\u5fb7\u83ef\u00b7\u8afe\u9813": 11, "\u611b\u5fb7\u83ef\u00b7\u798f\u9686": 11, "\u8c9d\u5f17\u8389\u00b7\u5fb7\u5b89\u5409\u6d1b": 11, "\u73cd\u59ae\u5f17\u00b7\u9023": 11, "1998": 11, "\u8a79\u59c6\u65af\u00b7\u5361\u6885\u9686": 11, "\u963f\u8afe\u00b7\u65bd\u74e6\u8f9b\u683c": 11, "\u7433\u9054\u00b7\u6f22\u5bc6\u723e\u9813": 11, "\u7f85\u4f2f\u7279\u00b7\u5e15\u7279\u91cc\u514b": 11, "\u672a\u4f86\u4e3b\u7fa9": 11, "\u5149\u7dda\u5f71\u696d": 11, "\u7f85\u4f2f\u7279\u00b7\u6fa4\u7c73\u57fa\u65af": 11, "\u9081\u514b\u723e\u00b7J\u00b7\u798f\u514b\u65af": 11, "\u514b\u91cc\u65af\u6258\u5f17\u00b7\u6d1b\u4f0a\u5fb7": 11, "\u8389\u4e9e\u00b7\u6e6f\u666e\u68ee": 11, "\u514b\u91cc\u65af\u5e73\u00b7\u683c\u6d1b\u4f5b": 11, "Eternal Sunshine of the Spotless Mind": 11, "\u7c73\u6b47\u5c14\u00b7\u5188\u745e": 11, "\u5409\u59c6\u00b7\u51ef\u745e": 11, "\u51ef\u7279\u00b7\u6e29\u65af\u83b1\u7279": 11, "\u6c64\u59c6\u00b7\u5a01\u5c14\u91d1\u68ee": 11, "\u6770\u745e\u00b7\u7f57\u4f2f\u7279\u00b7\u4f2f\u6069": 11, "\u6d6a\u6f2b": 11, "\u827e\u7c73\u8389": 11, "\u8ba9-\u76ae\u57c3\u5c14\u00b7\u70ed\u5185": 11, "\u5965\u9edb\u4e3d\u00b7\u5854\u56fe": 11, "\u9a6c\u4fee\u00b7\u5361\u7d22\u7ef4\u8327": 11, "\u9c81\u5f17\u65af": 11, "\u6d1b\u96f7\u62c9\u00b7\u514b\u62c9\u6c83\u5854": 11, "\u5916\u661f\u4eba": 11, "\u897f\u683c\u59ae\u00b7\u97e6\u5f17": 11, "\u8fc8\u514b\u5c14\u00b7\u6bd4\u6069": 11, "\u51ef\u8389\u00b7\u4ea8": 11, "\u4fdd\u7f57\u00b7\u745e\u6cfd": 11, "\u6050\u6016": 11, "1986": 11, "1954": 12, "\u5317\u5317\u897f": 12, "\u963f\u5c14\u5f17\u96f7\u5fb7\u00b7\u5e0c\u533a\u67ef\u514b": 12, "\u51ef\u745e\u00b7\u683c\u5170\u7279": 12, "\u4f0a\u5a03\u00b7\u739b\u4e3d\u00b7\u5723": 12, "\u8a79\u59c6\u65af\u00b7\u6885\u68ee": 12, "\u6770\u897f\u00b7\u7f57\u4f0a\u65af\u00b7\u5170\u8fea\u65af": 12, "\u60ca\u609a": 12, "\u8ff7\u96fe\u4e2d\u7684\u5973\u90ce": 12, "\u8a79\u59c6\u65af\u00b7\u65af\u56fe\u5c14\u7279": 12, "\u91d1\u00b7\u8bfa\u74e6\u514b": 12, "\u82ad\u82ad\u62c9\u00b7\u8d1d\u5c14\u00b7\u6208\u8fea\u65af": 12, "\u6c64\u59c6\u00b7\u8d6b\u5c14\u83ab\u5c14": 12, "\u5fc3\u7406\u60ca\u609a": 12, "1958": 12, "DOUBLE INDEMNITY": 12, "\u6bd4\u5229\u00b7\u6000\u5c14\u5fb7": 12, "\u5f17\u96f7\u5fb7\u00b7\u9ea6\u514b\u7a46\u96f7": 12, "\u82ad\u82ad\u62c9\u00b7\u65af\u5766\u5a01\u514b": 12, "\u7231\u5fb7\u534e\u00b7G\u00b7\u7f57\u5bbe\u900a": 12, "\u62dc\u4f26\u00b7\u5df4\u5c14": 12, "\u4e00\u4e9b\u559c\u6b22\u7235\u58eb\u4e50\u7684\u5973\u4eba": 12, "\u739b\u4e3d\u83b2\u00b7\u68a6\u9732": 12, "\u6258\u5c3c\u00b7\u67ef\u8482\u65af": 12, "\u6770\u514b\u00b7\u83b1\u8499": 12, "\u4e54\u6cbb\u00b7\u62c9\u592b": 12, "1959": 12, "\u4e5e\u529b\u9a6c\u624e\u7f57\u7684\u96ea": 12, "\u96f7\u00b7\u7c73\u5170": 12, "\u683c\u857e\u4e1d\u00b7\u51ef\u5229": 12, "\u7f57\u4f2f\u7279\u00b7\u5361\u660e\u65af": 12, "\u7ea6\u7ff0\u00b7\u5a01\u5ec9\u59c6\u65af": 12, "\u6280\u672f\u4e0a\u5b8c\u7f8e\u7684\u72af\u7f6a": 12, "\u6731\u5c14\u65af\u00b7\u8fbe\u8f9b": 12, "\u8ba9\u00b7\u585e\u5c14\u74e6": 12, "\u5361\u5c14\u00b7\u83ab\u8d6b\u7eb3": 12, "\u7f57\u4f2f\u7279\u00b7\u66fc\u7ebd\u5c14": 12, "\u96c5\u5c3c\u5a1c\u00b7\u8fbe\u5c14\u897f": 12, "A": 13, "\u53f2\u8482\u6587\u00b7\u65af\u76ae\u5c14\u4f2f\u683c": 13, "\u8fde\u59c6\u00b7\u5c3c\u68ee": 13, "\u62c9\u5c14\u592b\u00b7\u8d39\u56e0\u65af": 13, "\u5361\u7f57\u7433\u00b7\u53e4\u8fbe\u5c14": 13, "\u5386\u53f2": 13, "1993": 13, "\u4e00\u4e2a12\u5c81\u7537\u5b69\u56e0\u66b4\u529b\u72af\u7f6a\u88ab\u5224\u4e94\u5e74\u76d1\u7981\uff0c\u4ed6\u8d77\u8bc9\u7236\u6bcd\u758f\u5ffd": 13, "\u7eb3\u4e01\u00b7\u62c9\u5df4\u57fa": 13, "\u624e\u56e0\u00b7\u963f\u5c14\u00b7\u62c9\u83f2\u4e9a": 13, "\u7ea6\u5c14\u8fbe\u8bfa\u65af\u00b7\u5e0c\u8d39\u62c9\u74e6": 13, "\u535a\u5362\u74e6\u63d0\u8d39\u00b7\u7279\u96f7asure\u00b7\u73ed\u79d1\u5c14": 13, "\u8003\u8428\u5c14\u00b7\u963f\u5c14\u00b7\u54c8\u8fbe\u5fb7": 13, "\u5370\u7b2c\u5b89\u7eb3\u00b7\u743c\u65af": 13, "\u51ef\u4f26\u00b7\u827e\u4f26": 13, "\u4fdd\u7f57\u00b7\u5f17\u91cc\u66fc": 13, "\u7ea6\u7ff0\u00b7\u745e\u65af-\u6234\u7ef4\u65af": 13, "1981": 13, "\u5bfb\u5b9d": 13, "\u52c7\u6562\u7684\u5fc3": 13, "\u6885\u5c14\u00b7\u5409\u5e03\u68ee": 13, "\u7d22\u83f2\u00b7\u739b\u7d22": 13, "\u5e15\u7279\u91cc\u514b\u00b7\u9ea6\u6208\u6c49": 13, "\u5b89\u683c\u65af\u00b7\u9ea6\u514b\u6cd5\u767b": 13, "\u9a6c\u5c14\u79d1\u59c6\u00b7\u9ea6\u514b\u9053\u5a01\u5c14": 13, "\u5e15\u7279\u91cc\u514b\u00b7\u6885\u57fa": 13, "\u8fc8\u514b\u5c14\u00b7\u8d1d\u8328": 13, "\u6c83\u4f26\u00b7\u514b\u62c9\u514b": 13, "1971": 13, "\u502b\u6566\u7684\u4e00\u5834\u5931\u6557\u7684\u724c\u5c40": 13, "\u84cb\u00b7\u745e\u5947": 13, "\u5091\u68ee\u00b7\u5f17\u840a\u660e": 13, "\u5fb7\u514b\u65af\u7279\u00b7\u5f17\u840a\u5fb9": 13, "\u5c3c\u514b\u00b7\u83ab\u862d": 13, "\u5091\u68ee\u00b7\u65af\u5766\u68ee": 13, "\u5927\u9ebb": 13, "\u73fe\u91d1": 13, "\u53e4\u8463\u6563\u5f48\u69cd": 13, "IT'S A WONDERFUL LIFE": 14, "FRANK CAPRA": 14, "JAMES STEWART": 14, "DONNA REED": 14, "LIONEL BARRYMORE": 14, "THOMAS MITCHELL": 14, "1946": 14, "PG": 14, "COCO": 14, "\u674e\u00b7\u5b89\u514b\u91cc\u5947": 14, "\u963f\u5fb7\u91cc\u5b89\u00b7\u83ab\u5229\u7eb3": 14, "\u5b89\u4e1c\u5c3c\u00b7\u5188\u8428\u96f7\u65af": 14, "\u76d6\u5c14\u00b7\u52a0\u897f\u4e9a\u00b7\u8d1d\u7eb3\u5c14": 14, "\u672c\u6770\u660e\u00b7\u5e03\u62c9\u7279": 14, "ANIMATION": 14, "MUSIC": 14, "PIXAR": 14, "\u978b\u5b50\u4e22\u4e86\u7684\u7537\u5b69": 14, "\u9a6c\u5409\u5fb7\u00b7\u9a6c\u5409\u8fea": 14, "\u7a46\u7f55\u9ed8\u5fb7\u00b7\u963f\u7c73\u5c14\u00b7\u7eb3\u5409": 14, "\u963f\u7c73\u5c14\u00b7\u6cd5\u9c81\u8d6b\u00b7\u54c8\u5e0c\u7c73\u5b89": 14, "\u5df4\u54c8\u96f7\u00b7\u585e\u8fea\u57fa": 14, "\u7eb3\u83f2\u65af\u00b7\u8d3e\u6cd5\u5c14-\u7a46\u7f55\u9ed8\u8fea": 14, "KLAUS": 14, "SERGIO PABLOS": 14, "CARLOS MART\u00cdNEZ L\u00d3PEZ": 14, "JASON SCHWARTZMAN": 14, "J.K. SIMMONS": 14, "RASHIDA JONES": 14, "HOLIDAY": 14, "\u4e9e\u745f\u738b\u548c\u4ed6\u7684\u5713\u684c\u9a0e\u58eb": 14, "\u7279\u91cc\u00b7\u5409\u5229\u5b89": 14, "\u7279\u91cc\u00b7\u74ca\u65af": 14, "\u683c\u96f7\u5384\u59c6\u00b7\u67e5\u666e\u66fc": 14, "\u7d04\u7ff0\u00b7\u514b\u91cc\u65af": 14, "\u827e\u745e\u514b\u00b7\u827e\u5fb7\u723e": 14, "\u5f7c\u5f97\u00b7\u6770\u514b\u900a": 15, "\u4f0a\u5229\u4e9a\u00b7\u4f0d\u5fb7": 15, "\u7ef4\u6208\u00b7\u83ab\u7279\u68ee": 15, "\u4f0a\u6069\u00b7\u9ea6\u51ef\u4f26": 15, "\u5965\u5170\u591a\u00b7\u5e03\u9c81\u59c6": 15, "\u9b54\u5e7b": 15, "\u5192\u9669": 15, "\u6307\u73af\u738b\uff1a\u53cc\u5854\u5947\u5175": 15, "\u4f0a\u6069\u00b7\u9ea6\u514b\u83b1\u6069": 15, "\u5947\u5e7b": 15, "\u5343\u3068\u5343\u5c0b\u306e\u795e\u96a0\u3057": 15, "\u5bab\u5d0e\u9a8f": 15, "\u6234\u7ef4\u00b7\u8521\u65af": 15, "\u82cf\u73ca\u00b7\u666e\u83b1\u8c22\u7279": 15, "\u5165\u91ce\u81ea\u7531": 15, "\u67ca\u7460\u7f8e": 15, "\u52a8\u753b": 15, "\u9c8d\u52c3\u00b7\u4f69\u5c14\u897f\u51ef\u8482": 15, "\u6c99\u6885\u514b\u00b7\u6469\u5c14": 15, "\u5f7c\u5f97\u00b7\u62c9\u59c6\u9f50": 15, "\u7f57\u5fb7\u5c3c\u00b7\u7f57\u65af\u66fc": 15, "\u6770\u514b\u00b7\u7ea6\u7ff0\u900a": 15, "\u9b54\u5973\u5b85\u6025\u4fbf": 15, "\u677e\u7530\u6d0b\u6cbb": 15, "\u77f3\u7530\u767e\u5408\u5b50": 15, "\u7530\u4e2d\u88d5\u5b50": 15, "\u6bd4\u5229\u00b7\u514b\u9c81\u5fb7\u666e": 15, "\u6551\u8d4e\u4e4b\u8def": 15, "\u5c71\u7530\u5c1a\u5b50": 15, "\u65e9\u89c1\u6c99\u7ec7": 15, "\u60a0\u6728\u78a7": 15, "\u5c0f\u91ce\u8d24\u7ae0": 15, "\u5f71\u7247": 15, "16": 15, "\u6218\u4e89": 16, "\u706b\u5782\u308b\u306e\u5893": 16, "\u9ad8\u7551\u52f2": 16, "\u8fb0\u5df3\u52aa": 16, "\u767d\u77f3\u7dbe\u4e43": 16, "\u5c71\u53e3\u660e\u7f8e": 16, "\u7be0\u539f\u606d\u5b50": 16, "\u65af\u5766\u5229\u00b7\u5e93\u5e03\u91cc\u514b": 16, "FULL METAL JACKET": 16, "\u9a6c\u4fee\u00b7\u83ab\u8fea\u6069": 16, "R\u00b7\u674e\u00b7\u5384\u7c73": 16, "\u6587\u68ee\u7279\u00b7\u591a\u8bfa\u8d39\u5965": 16, "\u4e9a\u5f53\u00b7\u9c8d\u5fb7\u6e29": 16, "\u8d8a\u5357\u6218\u4e89": 16, "\u5c06\u519b\u7684\u5b50\u55e3": 16, "\u57c3\u83b1\u59c6\u00b7\u514b\u91cc\u83ab\u592b": 16, "\u963f\u5217\u514b\u8c22\u00b7\u514b\u62c9\u592b\u7434\u79d1": 16, "\u5965\u5c14\u52a0\u00b7\u7c73\u7f57\u8bfa\u5a03": 16, "\u67f3\u535a\u7c73\u62c9\u65af\u00b7\u52b3\u5207\u7ef4\u4e18\u65af": 16, "\u5f17\u62c9\u8fbe\u65af\u00b7\u5df4\u683c\u591a\u7eb3\u65af": 16, "U-571": 16, "\u6c83\u5c14\u592b\u5188\u00b7\u5f7c\u5f97\u68ee": 16, "\u4e8e\u5c14\u6839\u00b7\u666e\u7f57\u8d6b\u8bfa": 16, "\u8d6b\u5c14\u4f2f\u7279\u00b7\u683c\u7f57\u5185\u6885\u8036": 16, "\u514b\u52b3\u65af\u00b7\u6e29\u7eb3\u66fc": 16, "\u80e1\u8d1d\u56fe\u65af\u00b7\u672c\u683c\u65bd": 16, "\u5fc3\u7406\u6050\u60e7": 16, "2001: A SPACE ODYSSEY": 16, "\u57fa\u5c14\u00b7\u675c\u5229\u4e9a": 16, "\u52a0\u91cc\u00b7\u6d1b\u514b\u4f0d\u5fb7": 16, "\u5a01\u5ec9\u00b7\u897f\u5c14\u7ef4\u65af\u7279": 16, "\u4e39\u5c3c\u5c14\u00b7\u91cc\u5e0c\u7279": 16, "\u79d1\u5b66\u5e7b\u60f3": 16, "\u4eba\u5de5\u667a\u80fd": 16, "\u6d41\u6d6a\u6c49": 17, "\u67e5\u7406\u00b7\u5353\u522b\u6797": 17, "\u6ce2\u83b1\u7279\u00b7\u6208\u8fbe\u5c14": 17, "\u4ea8\u5229\u00b7\u4f2f\u683c\u66fc": 17, "\u5c0f\u6851\u798f\u5fb7": 17, "1936": 17, "G": 17, "\u7ef4\u5409\u5c3c\u4e9a\u00b7\u5207\u91cc\u5c14": 17, "\u5f17\u6d1b\u4f26\u65af\u00b7\u674e": 17, "\u54c8\u91cc\u00b7\u8fc8\u5c14\u65af": 17, "\u559c\u5267": 17, "\u7231\u60c5": 17, "\u9ed8\u7247": 17, "\u4f60\u7684\u540d\u5b57": 17, "\u65b0\u6d77\u8bda": 17, "\u795e\u6728\u9686\u4e4b\u4ecb": 17, "\u4e0a\u767d\u77f3\u840c\u97f3": 17, "\u6210\u7530\u51cc": 17, "\u9752\u4e95\u4f18\u7eaa": 17, "SINGIN' IN THE RAIN": 17, "\u65af\u5766\u5229\u00b7\u591a\u5357": 17, "\u5409\u6069\u00b7\u51ef\u5229": 17, "\u5510\u7eb3\u5fb7\u00b7\u5965\u5eb7\u7eb3": 17, "\u9edb\u6bd4\u00b7\u96f7\u8bfa\u5179": 17, "\u6b4c\u821e": 17, "1952": 17, "\u57c3\u5fb7\u5a1c\u00b7\u666e\u5c14\u7ef4\u5b89\u65af": 17, "\u6770\u57fa\u00b7\u5e93\u6839": 17, "\u5361\u5c14\u00b7\u7c73\u52d2": 17, "\u9ec4\u91d1\u65f6\u4ee3": 17, "\u9a6c\u514b\u00b7\u65af\u6e29": 17, "\u6c64\u59c6\u00b7\u7a46\u96f7": 17, "\u514b\u6717\u4ee3\u514b": 17, "\u91cc\u7ea6\u5927\u5192\u9669": 18, "\u8d39\u5c14\u5357\u591a\u00b7\u6885\u91cc\u5c14\u65af": 18, "\u51ef\u8482\u4e9a\u00b7\u4f26\u5fb7": 18, "\u4e9a\u5386\u5c71\u5927\u00b7\u7f57\u5fb7\u91cc\u683c\u65af": 18, "\u83b1\u5b89\u5fb7\u7f57\u00b7\u83f2\u5c14\u7c73\u8bfa": 18, "\u9a6c\u4fee\u65af\u00b7\u7eb3\u8d6b\u7279\u52a0\u5c14": 18, "Drama": 18, "Psycho": 18, "\u5b89\u6771\u5c3c\u00b7\u5e15\u91d1\u65af": 18, "\u73cd\u59ae\u7279\u00b7\u674e": 18, "\u7dad\u62c9\u00b7\u9081\u723e\u65af": 18, "\u7d04\u7ff0\u00b7\u52a0\u6587": 18, "Thriller": 18, "1960s": 18, "OLD BOY": 18, "\u6734\u8d5e\u90c1": 18, "\u5d14\u5cb7\u690d": 18, "\u5218\u667a\u6cf0": 18, "\u59dc\u60e0\u8d1e": 18, "\u91d1\u70b3\u7389": 18, "AARTHI": 18, "\u8d6b\u91cc\u5e0c\u514b\u4ec0\u00b7\u7a46\u514b\u5409": 18, "\u62c9\u5091\u4ec0\u00b7\u5361\u7d0d": 18, "\u963f\u7c73\u5854\u5e03\u00b7\u5df4\u5f37": 18, "\u8607\u7c73\u5854\u00b7\u6851\u96c5\u723e": 18, "\u62c9\u6885\u4ec0\u00b7\u5fb7\u5967": 18, "A SEPARATION": 18, "\u963f\u65af\u54c8\u00b7\u6cd5\u54c8\u8fea": 18, "\u4f69\u66fc\u00b7\u9a6c\u963f\u8fea": 18, "\u8389\u62c9\u00b7\u54c8\u5854\u7c73": 18, "\u8428\u96f7\u8d6b\u00b7\u5df4\u4e9a\u7279": 18, "\u6c99\u54c8\u5e03\u00b7\u970d\u585e\u5c3c": 18, "\u5267\u60c5\u7247": 19, "\u8fc8\u514b\u5c14\u00b7\u67ef\u8482\u5179": 19, "\u4ea8\u5f17\u83b1\u00b7\u535a\u52a0\u7279": 19, "\u82f1\u683c\u4e3d\u00b7\u8912\u66fc": 19, "\u4fdd\u7f57\u00b7\u4ea8\u96f7\u5fb7": 19, "\u514b\u52b3\u5fb7\u00b7\u96f7\u6069\u65af": 19, "\u5229\u67cf\u63d0\u5236\u7247\u5382": 19, "\u5fb7\u5c14\u65af": 19, "\u5f17\u6d1b\u91cc\u5b89\u00b7\u4ea8\u514b\u5c14\u00b7\u51af\u00b7\u591a\u7eb3\u65af\u9a6c\u514b": 19, "\u4e4c\u5c14\u91cc\u5e0c\u00b7\u7a46\u8d6b": 19, "\u9a6c\u4e01\u5a1c\u00b7\u76d6\u5fb7\u514b": 19, "\u585e\u5df4\u65af\u8482\u5b89\u00b7\u79d1\u8d6b": 19, "\u4e4c\u5c14\u91cc\u5e0c\u00b7\u56fe\u5e93": 19, "\u8d77\u4f0f\u4eba\u751f": 19, "\u8fbe\u4f26\u00b7\u963f\u4f26\u8bfa\u592b\u65af\u57fa": 19, "\u827e\u4f26\u00b7\u4f2f\u65af\u6c40": 19, "\u8d3e\u745e\u5fb7\u00b7\u83b1\u6258": 19, "\u8a79\u59ae\u5f17\u00b7\u5eb7\u7eb3\u5229": 19, "\u9a6c\u9f99\u00b7\u97e6\u4e9a\u65af": 19, "\u6210\u763e": 19, "\u5965\u900a\u00b7\u5a01\u5c14\u65af": 19, "\u7ea6\u745f\u592b\u00b7\u79d1\u987f": 19, "\u591a\u841d\u897f\u00b7\u5361\u660e\u6208": 19, "\u963f\u683c\u5c3c\u65af\u00b7\u6469\u5c14\u9ed1\u5fb7": 19, "\u5c0f\u6d25\u5b89\u4e8c\u90ce": 19, "\u7b03\u5fd7\u9f99": 19, "\u4e1c\u5c71\u5343\u8363\u5b50": 19, "\u5c71\u6751\u806a": 19, "\u539f\u8282\u5b50": 19, "\u9ed1\u767d": 19, "\u65e5\u672c\u7535\u5f71": 19, "1953": 19, "STAR WARS": 20, "GEORGE LUCAS": 20, "MARK HAMILL": 20, "HARRISON FORD": 20, "CARRIE FISHER": 20, "ALEC GUINNESS": 20, "SCIENCE FICTION": 20, "EMPIRE": 20, "GALAXY": 20, "THE PIANIST": 20, "ROMAN POLANSKI": 20, "ADRIAN BRODY": 20, "TOMAS KRECHMANN": 20, "FRANZ KREISLER": 20, "EMILIA FOX": 20, "HISTORICAL DRAMA": 20, "WORLD WAR II": 20, "POLISH JEWISH": 20, "LAWRENCE OF ARABIA": 20, "DAVID LEAN": 20, "PETER O'TOOLE": 20, "ANTHONY QUINN": 20, "JACK HAWKINS": 20, "UNITED KINGDOM": 20, "FIRST WORLD WAR": 20, "METROPOLIS": 20, "FRITZ LANG": 20, "BRIGITTE HELM": 20, "ALFRED ABEL": 20, "GUSTAV FR\u00d6HLICH": 20, "RUDOLF KLEIN-ROGGE": 20, "DYSTOPIA": 20, "\u7f57\u4f2f\u7279\u00b7\u6cfd\u7c73\u57fa\u65af": 21, "\u6c64\u59c6\u00b7\u6c49\u514b\u65af": 21, "\u7f57\u5bbe\u00b7\u6000\u7279": 21, "\u52a0\u91cc\u00b7\u897f\u5c3c\u65af": 21, "\u838e\u8389\u00b7\u83f2\u5c14\u5fb7": 21, "\u5267\u60c5": 21, "1994\u5e74": 21, "\u9a6c\u7279\u00b7\u8fbe\u8499": 21, "\u6c64\u59c6\u00b7\u585e\u5179\u6469\u5c14": 21, "\u7231\u5fb7\u534e\u00b7\u4f2f\u6069\u65af": 21, "\u53cb\u60c5": 21, "\u5a01\u5c14\u00b7\u4ea8\u5ef7": 21, "\u53e4\u65af\u00b7\u8303\u00b7\u6851\u7279": 21, "\u7f57\u5bbe\u00b7\u5a01\u5ec9\u59c6\u65af": 21, "\u672c\u00b7\u963f\u5f17\u83b1\u514b": 21, "\u65af\u7279\u5170\u00b7\u65af\u5361\u65af\u52a0\u5fb7": 21, "\u73a9\u5177\u603b\u52a8\u5458": 21, "\u7ea6\u7ff0\u00b7\u62c9\u585e\u7279": 21, "\u8482\u59c6\u00b7\u827e\u4f26": 21, "\u5510\u00b7\u91cc\u514b\u5c14\u65af": 21, "\u5409\u59c6\u00b7\u74e6\u5c3c": 21, "\u7ade\u4e89": 21, "\u76ae\u514b\u65af\u52a8\u753b\u5de5\u4f5c\u5ba4": 21, "\u751f\u304d\u308b": 21, "\u9ed1\u6cfd\u660e": 21, "\u5fd7\u6751\u4e54": 21, "\u91d1\u5b50\u4fe1\u96c4": 21, "\u65e5\u91ce\u65b0\u4e00": 21, "\u7530\u4e2d\u6625\u7537": 21, "\u54f2\u5b66": 21, "\u5927\u536b\u00b7\u82ac\u5947": 22, "\u5e03\u62c9\u5fb7\u00b7\u76ae\u7279": 22, "\u7231\u5fb7\u534e\u00b7\u8bfa\u987f": 22, "\u8089\u997c": 22, "\u624e\u514b\u00b7\u683c\u96f7\u5c3c\u5c14": 22, "1999": 22, "THE MATRIX": 22, "\u62c9\u5a1c\u00b7\u6c83\u5353\u65af\u57fa": 22, "\u8389\u8389\u00b7\u6c83\u5353\u65af\u57fa": 22, "\u57fa\u52aa\u00b7\u91cc\u7ef4\u65af": 22, "\u52b3\u4f26\u65af\u00b7\u83f2\u4ec0\u4f2f\u6069": 22, "\u51ef\u745e-\u5b89\u00b7\u83ab\u65af": 22, "Sci-Fi": 22, "Reality vs. Illusion": 22, "\u76d6\u00b7\u76ae\u5c14\u65af": 22, "\u4e54\u00b7\u6f58\u6258\u91cc\u4e9a\u8bfa": 22, "\u9a6c\u514b\u00b7\u5e03\u6069": 22, "\u4e0d\u62e9\u624b\u6bb5": 22, "\u76d6\u00b7\u91cc\u5947": 22, "\u6770\u68ee\u00b7\u65af\u5766\u68ee": 22, "\u672c\u5c3c\u897f\u5965\u00b7\u5fb7\u5c14\u00b7\u6258\u7f57": 22, "\u4e39\u5c3c\u65af\u00b7\u6cd5\u91cc\u7eb3": 22, "1990\u5e74\u4ee3\u7684\u97f3\u4e50": 22, "\u7f8e\u56fd\u4e3d\u4eba": 22, "\u5c71\u59c6\u00b7\u95e8\u5fb7\u65af": 22, "\u51ef\u6587\u00b7\u53f2\u6d3e\u897f": 22, "\u5b89\u59ae\u7279\u00b7\u8d1d\u5b81": 22, "\u7d22\u62c9\u00b7\u4f2f\u5947": 22, "\u97e6\u65af\u00b7\u672c\u7279\u5229": 22, "PULP FICTION": 23, "QUENTIN TARANTINO": 23, "JOHN TRAVOLTA": 23, "UMA THURMAN": 23, "SAMUEL L. JACKSON": 23, "BRUCE WILLIS": 23, "VIOLENCE": 23, "REDEMPTION": 23, "CRIME": 23, "INGLORIOUS BASTERDS": 23, "BRAD PITT": 23, "DAISY KRUGER": 23, "Eli Roth": 23, "MELANIE LAURENT": 23, "WAR": 23, "REVENGE": 23, "Nazi": 23, "RESERVOIR DOGS": 23, "\u54c8\u7ef4\u00b7\u51ef\u7279\u5c14": 23, "\u8482\u59c6\u00b7\u7f57\u65af": 23, "\u8fc8\u514b\u5c14\u00b7\u9a6c\u5fb7\u68ee": 23, "\u514b\u91cc\u65af\u00b7\u6f58": 23, "SUSPENSE": 23, "1992": 23, "SCARFACE": 23, "BRIAN De PALMA": 23, "AL PACINO": 23, "MICHELLE PFEIFFER": 23, "STEVEN BAUER": 23, "MARY ELIZABETH MASTRANTONIO": 23, "1968": 24, "\u5931\u843d\u7684\u8b49\u64da": 24, "\u6bd4\u5229\u00b7\u61f7\u5fb7": 24, "\u6cf0\u9686\u00b7\u9b91\u83ef": 24, "\u746a\u7433\u00b7\u8fea\u7279\u91cc\u5e0c": 24, "\u67e5\u723e\u65af\u00b7\u52de\u9813": 24, "\u827e\u723e\u838e\u00b7\u862d\u5fb9\u65af\u7279": 24, "\u6232\u5287": 24, "\u8b00\u6bba\u5be9\u5224": 24, "\u5371\u96aa\u95dc\u4fc2": 24, "\u5a01\u5ec9\u00b7\u970d\u9813": 24, "\u683c\u6d1b\u9e97\u4e9e\u00b7\u65af\u65fa\u68ee": 24, "\u57c3\u91cc\u5e0c\u00b7\u99ae\u00b7\u65af\u7279\u7f85\u6d77\u59c6": 24, "\u5357\u5e0c\u00b7\u5967\u723e\u68ee": 24, "\u901a\u904e": 24, "JUDGMENT AT NUREMBERG": 24, "\u53f2\u4e39\u5229\u00b7\u514b\u96f7\u9ed8": 24, "\u65af\u8cd3\u585e\u00b7\u5d14\u897f": 24, "\u4f2f\u7279\u00b7\u862d\u5361\u65af\u7279": 24, "\u7406\u67e5\u5fb7\u00b7\u7dad\u5fb7\u99ac\u514b": 24, "\u7ec5\u58eb\u7684\u6e38\u620f": 24, "\u7ea6\u745f\u592b\u00b7L\u00b7\u66fc\u51ef\u7ef4\u5947": 24, "\u8d1d\u8482\u00b7\u6234\u7ef4\u65af": 24, "\u5b89\u00b7\u5df4\u514b\u65af\u7279": 24, "\u4e54\u6cbb\u00b7\u6851\u5fb7\u65af": 24, "\u585e\u83b1\u65af\u7279\u00b7\u970d\u5c14\u59c6": 24, "\u767e\u8001\u6c47": 24, "2018": 25, "\u5275\u9020\u6574\u500b\u5b87\u5b99\u7684\u5973\u795e\u7684\u795e\u8a71\u6545\u4e8b": 25, "\u62c9\u5e0c\u00b7\u963f\u5c3c\u723e\u00b7\u5df4\u723e\u7dad": 25, "\u963f\u5357\u5fb7\u00b7\u7518\u5730": 25, "\u963f\u5fb7\u4ec0\u00b7\u666e\u62c9\u85a9\u5fb7": 25, "\u7d22\u4ea8\u00b7\u6c99": 25, "\u55ac\u8482\u00b7\u99ac\u723e\u820d": 25, "\u76f2\u92fc\u7434\u5bb6": 25, "\u65af\u91cc\u62c9\u59c6\u00b7\u62c9\u7518": 25, "\u963f\u5c24\u4ec0\u66fc\u00b7\u5eab\u62c9\u7d0d": 25, "\u5854\u5e03": 25, "\u62c9\u8fea\u5361\u00b7\u963f\u666e\u7279": 25, "\u963f\u5c3c\u723e\u00b7\u9054\u842c": 25, "KGF: CHAPTER 1": 25, "PRASHANTH NEEL": 25, "YASH": 25, "SRINIDHI SHETTY": 25, "RAMACHANDRA RAJU": 25, "ARCHANA JOIS": 25, "\u4e09\u540d\u5931\u696d\u7537\u5b50\u5c0b\u627e\u89e3\u6c7a\u91d1\u9322\u554f\u984c\u7684\u8fa6\u6cd5\uff0c\u4f46\u7576\u6a5f\u6703\u4f86\u81e8\u6642\uff0c\u4ed6\u5011\u6703\u77e5\u9053\u8a72\u600e\u9ebc\u505a\u55ce\uff1f": 25, "\u666e\u91cc\u4e9e\u9054\u723e\u5c1a": 25, "\u963f\u514b\u8b1d\u00b7\u5eab\u99ac": 25, "\u8607\u5c3c\u723e\u00b7\u8b1d\u63d0": 25, "\u5e15\u96f7\u4ec0\u00b7\u52de\u723e": 25, "\u559c\u5287": 25, "\u5c0f\u6797\u6b63\u6a39": 26, "\u4e2d\u4e95\u8cb4\u4e00": 26, "\u77f3\u6ff1\u660e": 26, "\u5ca9\u4e0b\u5fd7\u9ebb": 26, "\u4e39\u6ce2\u54f2\u90ce": 26, "\u65e5\u672c": 26, "\u9ed1\u6fa4\u660e": 26, "\u4e09\u8239\u654f\u90ce": 26, "\u5fd7\u6751\u55ac": 26, "\u6d25\u5cf6\u60e0\u5b50": 26, "\u5cf6\u5d0e\u96ea\u5b50": 26, "\u7d81\u67b6": 26, "\u4f50\u7530\u96c5\u5fd7": 26, "\u9999\u5ddd\u4eac\u5b50": 26, "\u978b\u696d\u516c\u53f8": 26, "\u52d2\u7d22": 26, "1963": 26, "\u5f71\u97ff": 26, "\u4ef2\u4ee3\u9054\u77e2": 26, "\u5bfa\u5c3e\u8070": 26, "\u6839\u6d25\u751a\u516b": 26, "\u67f3\u751f\u535a": 26, "\u4e2d\u4e16\u7d00\u7684\u65e5\u672c": 26, "THE APARTMENT": 27, "BILLY WILDER": 27, "JACK LEMMON": 27, "SHIRLEY MACLAINE": 27, "FRED MacMURRAY": 27, "RAY WALSTON": 27, "COMEDY": 27, "ROMANCE": 27, "1960": 27, "QUEEN": 27, "VIKAS BAHL": 27, "KANGANA RANAUT": 27, "RAJKUMMAR RAO": 27, "LISA HAYDON": 27, "JEFFREY HO": 27, "THE CAMERA MAN": 27, "\u5df4\u65af\u7279\u00b7\u57fa\u987f": 27, "\u51ef\u745f\u7433\u00b7\u9ea6\u572d\u5c14": 27, "\u4e54\u00b7\u57fa\u987f": 27, "\u5384\u5c14\u6e29\u00b7\u5eb7\u5948\u5229": 27, "1924": 27, "DETECTIVE": 27, "DR. STRANGELOVE": 28, "\u65af\u5766\u5229\u00b7\u5eab\u5e03\u91cc\u514b": 28, "\u5f7c\u5f97\u00b7\u585e\u52d2\u65af": 28, "\u55ac\u6cbb\u00b7C\u00b7\u65af\u79d1\u7279": 28, "\u65af\u7279\u6797\u00b7\u6d77\u767b": 28, "\u57fa\u5357\u00b7\u6eab": 28, "\u9ed1\u8272\u559c\u5287": 28, "\u6838\u6230\u722d": 28, "\u53cd\u6230\u5c07\u8ecd": 28, "\u67ef\u514b\u00b7\u9053\u683c\u62c9\u65af": 28, "\u62c9\u723e\u592b\u00b7\u7c73\u514b": 28, "\u963f\u9053\u592b\u00b7\u6885\u7d10": 28, "\u55ac\u6cbb\u00b7\u9ea5\u514b\u96f7\u8fea": 28, "\u6230\u722d": 28, "\u5409\u723e\u83ab\u00b7\u5fb7\u723e\u00b7\u6258\u7f85": 28, "\u4f0a\u74e6\u5a1c\u00b7\u5df4\u594e\u7f85": 28, "\u963f\u91cc\u4e9e\u5fb7\u5a1c\u00b7\u5409\u723e": 28, "\u585e\u723e\u5409\u00b7\u6d1b\u4f69\u65af": 28, "\u746a\u9e97\u8c9d\u723e\u00b7\u7dad\u723e\u675c": 28, "\u5e7b\u60f3": 28, "\u5361\u6bd4\u723e\u00b7\u6c57": 29, "2007": 29, "\u5e0c\u7c73\u7279\u00b7\u963f\u654f": 29, "\u6c99\u9b6f\u514b\u00b7\u6c57": 29, "\u7dad\u8fea\u4e9e\u00b7\u99ac\u723e\u74e6\u5fb7": 29, "\u85a9\u52a0\u91cc\u5361\u00b7\u54c8\u7279\u57fa": 29, "\u5e0c\u723e\u5e15\u00b7\u8212\u514b\u62c9": 29, "\u4e00\u4f4d\u6210\u529f\u7684\u5370\u5ea6\u79d1\u5b78\u5bb6\u56de\u5230\u5370\u5ea6\u7684\u4e00\u500b\u6751\u838a\uff0c\u5e36\u8457\u4ed6\u7684\u4fdd\u59c6\u524d\u5f80\u7f8e\u570b\uff0c\u4e26\u5728\u6b64\u904e\u7a0b\u4e2d\u91cd\u65b0\u767c\u73fe\u81ea\u5df1\u7684\u6839\u6e90": 29, "\u963f\u8607\u6258\u4ec0\u00b7\u9ad8\u74e6\u91cc\u514b": 29, "\u84cb\u96c5\u7279\u91cc\u00b7\u55ac\u5e0c": 29, "\u57fa\u8096\u91cc\u00b7\u5df4\u62c9\u723e": 29, "\u65af\u5bc6\u7279\u00b7\u8b1d\u7279": 29, "2004": 29, "\u7279\u52de\u5fb7\u723e\u00b7\u5bb9\u683c": 29, "\u5967\u5229\u4f5b\u00b7\u5e0c\u723e\u65bd\u6bd4\u683c": 29, "\u5e03\u9b6f\u8afe\u00b7\u7518\u8332": 29, "\u4e9e\u6b77\u5c71\u5fb7\u62c9\u00b7\u746a\u9e97\u4e9e\u00b7\u62c9\u62c9": 29, "\u70cf\u723e\u91cc\u5e0c\u00b7\u99ac\u7279\u65af": 29, "\u6731\u8389\u5b89\u00b7\u79d1\u8d6b\u52d2": 29, "\u52d5\u4f5c": 30, "RANG DE BASANTI": 30, "\u62c9\u57fa\u4ec0\u00b7\u5967\u59c6\u666e\u62c9\u5361\u4ec0\u00b7\u6885\u8d6b\u62c9": 30, "\u963f\u7c73\u723e\u00b7\u6c57": 30, "\u7d22\u54c8\u00b7\u963f\u91cc\u00b7\u6c57": 30, "\u897f\u9054\u7279": 30, "\u6c99\u723e\u66fc\u00b7\u55ac\u5e0c": 30, "2006": 30, "\u5169\u500b\u61f6\u6f22": 30, "\u62c9\u5091\u5eab\u99ac\u00b7\u6851\u6258\u5e0c": 30, "\u85a9\u723e\u66fc\u00b7\u6c57": 30, "\u62c9\u7dad\u5a1c\u00b7\u5766\u767b": 30, "\u5361\u8389\u65af\u746a\u00b7\u5361\u666e\u723e": 30, "\u6b7b\u4ea1\u9006\u6d41": 30, "\u7d04\u7ff0\u00b7\u9ea5\u514b\u8482\u723e\u5357": 30, "\u5e03\u9b6f\u65af\u00b7\u5a01\u5229\u65af": 30, "\u963f\u862d\u00b7\u745e\u514b\u66fc": 30, "\u90a6\u59ae\u00b7\u8c9d\u5fb7\u5229\u4e9e": 30, "\u96f7\u91d1\u7d0d\u5fb7\u00b7\u7dad\u723e\u7d04\u7ff0\u905c": 30, "\u54e5\u8b5a\u5e02": 31, "THE PRESTIGE": 31, "\u514b\u91cc\u65af\u6258\u5f17\u00b7\u8afe\u862d": 31, "\u514b\u91cc\u65af\u8482\u5b89\u00b7\u8c9d\u723e": 31, "\u4f11\u00b7\u5091\u514b\u66fc": 31, "\u65af\u5609\u9e97\u00b7\u7d04\u7ff0\u905c": 31, "\u9081\u514b\u723e\u00b7\u51f1\u6069": 31, "Magic": 31, "BATMAN BEGINS": 31, "\u9ea5\u53ef\u00b7\u51f1\u6069": 31, "\u6e21\u908a\u8b19": 31, "\u9023\u6069\u00b7\u5c3c\u905c": 31, "superhero": 31, "origin story": 31, "\u6700\u597d\u7684\u6642\u5149": 32, "\u5967\u5229\u7dad\u8036\u00b7\u7d0d\u5361\u4ec0": 32, "\u57c3\u91cc\u514b\u00b7\u6258\u840a\u9054\u8afe": 32, "\u5f17\u6717\u7d22\u74e6\u00b7\u514b\u9b6f\u6fa4": 32, "\u5967\u99ac\u00b7\u897f": 32, "\u5b89\u00b7\u52d2\u00b7\u5c3c": 32, "\u5287\u60c5\u7247": 32, "V FOR VENDETTA": 32, "\u8a79\u59c6\u65af\u00b7\u9ea5\u514b\u63d0\u683c": 32, "\u4f11\u00b7\u97cb\u9748": 32, "\u5a1c\u5854\u8389\u00b7\u6ce2\u7279\u66fc": 32, "\u9b6f\u4f2f\u7279\u00b7\u683c\u96f7\u592b\u65af": 32, "\u65af\u8482\u82ac\u00b7\u745e": 32, "\u53cd\u70cf\u6258\u90a6": 32, "LEFTIST JOURNALIST": 33, "\u6070\u7518\u00b7\u4f0a\u5c14\u9a6c\u514b": 33, "\u5207\u5ef7\u00b7\u7279\u91d1\u591a\u5c14": 33, "\u83f2\u514b\u96f7\u7279\u00b7\u5e93\u65af\u574e": 33, "\u8d6b\u6885\u62c9": 33, "\u57c3\u5409\u00b7\u5766\u66fc": 33, "2005": 33, "TURKISH MILITARY COUP": 33, "THE TEACHER": 33, "SANJAY LEELA BHANSALI": 33, "AMITABH BACHCHAN": 33, "RANI MUKERJI": 33, "SHERNAZ PATEL": 33, "AISHA KAPOOR": 33, "\u6770\u514b\u00b7\u5c3c\u79d1\u5c14\u68ee": 34, "\u8def\u6613\u4e1d\u00b7\u5f17\u83b1\u5f7b": 34, "\u8fc8\u514b\u5c14\u00b7\u8d1d\u91cc\u66fc": 34, "\u5f7c\u5f97\u00b7\u5e03\u7f57\u79d1": 34, "1975": 34, "\u8c22\u8389\u00b7\u675c\u74e6\u5c14": 34, "\u4e39\u5c3c\u00b7\u52b3\u57c3\u5fb7": 34, "\u65af\u5361\u7279\u66fc\u00b7\u514b\u7f57\u7d22\u65af": 34, "\u6050\u6016\u7247": 34, "WHIPLASH": 35, "\u9054\u7c73\u6069\u00b7\u67e5\u6fa4\u96f7": 35, "\u9081\u723e\u65af\u00b7\u6cf0\u52d2": 35, "J.K.\u897f\u8499\u65af": 35, "\u6885\u5229\u838e\u00b7\u73ed\u8afe\u4f0a": 35, "\u4fdd\u7f85\u00b7\u96f7\u8cfd": 35, "\u97f3\u6a02": 35, "\u7af6\u722d": 35, "\u5922\u60f3": 35, "\u7a46\u7f55\u9ed8\u5fb7": 36, "\u53f2\u8a69\u822c\u7684\u6b77\u53f2\u5287": 36, "1976": 36, "\u7a46\u65af\u5854\u6cd5\u00b7\u963f\u5361\u5fb7": 36, "\u5b89\u6771\u5c3c\u00b7\u594e\u56e0": 36, "\u827e\u7433\u00b7\u5e15\u5e15\u65af": 36, "\u9081\u514b\u723e\u00b7\u5b89\u85a9\u62c9": 36, "\u7d04\u7ff0\u5c3c\u00b7\u585e\u5361": 36, "RAGING BULL": 37, "MARTIN SCORSESE": 37, "ROBERT DE NIRO": 37, "CATHY MORIARTY": 37, "JOE PESCI": 37, "FRANK VINCENT": 37, "BIOGRAPHICAL": 37, "SPORTS DRAMA": 37, "\u6bcd\u611b": 38, "\u82f1\u683c\u746a\u00b7\u4f2f\u683c\u66fc": 38, "\u82f1\u683c\u9e97\u00b7\u8912\u66fc": 38, "\u8389\u8299\u00b7\u70cf\u723e\u66fc": 38, "\u857e\u5a1c\u00b7\u5c3c\u66fc": 38, "\u54c8\u723e\u74e6\u00b7\u6bd4\u7d04\u514b": 38, "\u97f3\u6a02\u6703\u92fc\u7434\u5bb6": 38, "1978": 38, "N/A": 39, "\u6069\u65af\u7279\u00b7\u5362\u6bd4\u5947": 39, "\u5361\u7f57\u5c14\u00b7\u9686\u5df4\u5fb7": 39, "\u6770\u514b\u00b7\u672c\u5c3c": 39, "\u7f57\u4f2f\u7279\u00b7\u65af\u5854\u514b": 39, "\u8d39\u5229\u514b\u65af\u00b7\u5e03\u96f7\u8428\u7279": 39, "1942": 39, "\u7eb3\u7cb9\u5360\u9886\u6ce2\u5170": 39, "\u7368\u88c1\u8005": 40, "\u67e5\u7406\u00b7\u5353\u5225\u6797": 40, "\u6ce2\u840a\u7279\u00b7\u6208\u9054\u5fb7": 40, "\u5091\u514b\u00b7\u5967\u57fa": 40, "\u96f7\u91d1\u7d0d\u5fb7\u00b7\u52a0\u4e01": 40, "1940": 40, "\u5287\u60c5\u559c\u5287": 40, "\u653f\u6cbb\u8feb\u5bb3": 40, "\u81ea\u884c\u8f66\u76d7\u7a83\u8005": 41, "\u7ef4\u6258\u91cc\u5965\u00b7\u5fb7\u00b7\u897f\u5361": 41, "\u5170\u8d1d\u6258\u00b7\u9a6c\u7126\u62c9\u5c3c": 41, "\u6069\u4f50\u00b7\u65af\u6cf0\u5965\u62c9": 41, "\u5229\u5b89\u5185\u62c9\u00b7\u5361\u96f7\u5c14": 41, "\u57c3\u7433\u5a1c\u00b7\u963f\u5c14\u8482\u8036\u91cc": 41, "\u5386\u53f2\u5267": 41, "\u5bfb\u4eb2": 41, "\u6bba\u6b7b\u4e00\u96bb\u77e5\u66f4\u9ce5": 42, "\u7f85\u4f2f\u7279\u00b7\u7a46\u5229\u6839": 42, "\u683c\u96f7\u6208\u91cc\u00b7\u6d3e\u514b": 42, "\u7d04\u7ff0\u00b7\u6885\u683c\u7d0d": 42, "\u5f17\u862d\u514b\u00b7\u5967\u5f17\u9813": 42, "\u7f85\u7d72\u746a\u9e97\u00b7\u58a8\u83f2": 42, "\u96fb\u5f71": 42, "M": 43, "\u5f17\u91cc\u8328\u00b7\u6717": 43, "\u5f7c\u5f97\u00b7\u6d1b\u745e": 43, "\u827e\u4f26\u00b7\u7ef4\u5fb7\u66fc": 43, "\u82f1\u683c\u00b7\u5170\u5fb7\u53e4\u7279": 43, "\u5965\u6258\u00b7\u7ef4\u5c14\u5c3c\u514b": 43, "\u60ca\u609a\u7247": 43, "\u9ec4\u91d1\u4f1a\u5458": 44, "\u7ea6\u7ff0\u00b7\u4f11\u65af\u987f": 44, "\u4ea8\u5f17\u83b1\u00b7\u9c8d\u5609": 44, "\u6c83\u5c14\u7279\u00b7\u4f11\u65af\u987f": 44, "\u8482\u59c6\u00b7\u970d\u5c14\u7279": 44, "\u5e03\u9c81\u65af\u00b7\u672c\u5185\u7279": 44, "1948": 44, "\u6258\u9a6c\u65af\u00b7\u51ef\u5c14": 45, "\u6797-\u66fc\u52aa\u5c14\u00b7\u7c73\u5170\u8fbe": 45, "\u83f2\u5229\u5e15\u00b7\u82cf": 45, "\u83b1\u65af\u5229\u00b7\u5965\u591a\u59c6\u00b7\u5c0f": 45, "\u857e\u59ae\u00b7\u4f0a\u8389\u838e\u00b7\u6208\u5c14\u5179\u8d1d\u91cc": 45, "\u97f3\u4e50\u5267": 45, "PG-13": 45, "\u96f7\u5fb7\u5229\u00b7\u65af\u79d1\u7279": 46, "\u897f\u683c\u59ae\u00b7\u97cb\u5f17": 46, "\u6e6f\u59c6\u00b7\u65af\u514b\u91cc\u7279": 46, "\u7d04\u7ff0\u00b7\u8d6b\u7279": 46, "\u7dad\u7f85\u59ae\u5361\u00b7\u5361\u7279\u8cf4\u7279": 46, "\u79d1\u5e7b\u6050\u6016": 46, "\u5df4\u862d": 47, "\u96c5\u6b66\u8332\u00b7\u5716\u723e\u53e4": 47, "\u8b1d\u5167\u723e\u00b7\u68ee": 47, "\u5c24\u53e4\u723e\u00b7\u5c24\u8cfd\u723e": 47, "\u8b1d\u723e\u654f\u00b7\u8d6b\u723e\u6885\u91cc\u5947": 47, "\u8036\u5e0c\u59c6\u00b7\u85a9\u723e\u91d1": 47, "\u9b54\u6212\u73b0\u8eab": 48}