﻿Series_Title,Released_Year,Certificate,Runtime,Genre,IMDB_Rating,Overview,Meta_score,Director,Star1,Star2,Star3,Star4,No_of_Votes,Gross
肖申克的救赎,1994,A,142分钟,剧情,9.3,两名被监禁的男子在多年中建立了深厚的友谊，通过共同的善行找到安慰和最终的救赎。,80,弗兰克·德拉邦特,蒂姆·罗宾斯,摩根·弗里曼,鲍勃·冈顿,威廉·萨德勒,2343110,"28,341,469"
教父,1972,A,175分钟,"犯罪, 剧情",9.2,一个有组织犯罪王朝的年迈家族首领将他秘密帝国的控制权转交给不情愿的儿子。,100,弗朗西斯·福特·科波拉,马龙·白兰度,阿尔·帕西诺,詹姆斯·凯恩,黛安·基顿,1620367,"134,966,411"
黑暗骑士,2008,UA,152分钟,"动作, 犯罪, 剧情",9,当被称为小丑的威胁在哥谭市制造混乱时，蝙蝠侠必须接受他在打击不公正方面能力的最大心理和身体考验。,84,克里斯托弗·诺兰,克里斯蒂安·贝尔,希斯·莱杰,亚伦·艾克哈特,迈克尔·凯恩,2303232,"534,858,444"
教父：第二部,1974,A,202分钟,"犯罪, 剧情",9,描绘了维托·柯里昂在1920年代纽约市的早期生活和职业，而他的儿子迈克尔则扩展并巩固了对家族犯罪集团的控制。,90,弗朗西斯·福特·科波拉,阿尔·帕西诺,罗伯特·德尼罗,罗伯特·杜瓦尔,黛安·基顿,1129952,"57,300,000"
十二怒汉,1957,U,96分钟,"犯罪, 剧情",9,一名陪审员试图通过迫使同事重新考虑证据来防止冤假错案。,96,西德尼·吕美特,亨利·方达,李·J·科布,马丁·巴尔萨姆,约翰·菲德勒,689845,"4,360,000"
指环王：王者归来,2003,U,201分钟,"动作, 冒险, 剧情",8.9,甘道夫和阿拉贡带领人类对抗索伦的军队，以将他的目光从弗罗多和山姆身上转移，因为他们正朝着毁灭之山和一枚魔戒进发。,94,彼得·杰克逊,伊利亚·伍德,维戈·莫特森,伊恩·麦凯伦,奥兰多·布鲁姆,1642758,"377,845,905"
低俗小说,1994,A,154分钟,"犯罪, 剧情",8.9,两名黑帮杀手、一名拳击手、一名黑帮分子及其妻子，以及一对餐厅强盗的生活在四个暴力与救赎的故事中交织在一起。,94,昆汀·塔伦蒂诺,约翰·特拉沃尔塔,乌玛·瑟曼,塞缪尔·杰克逊,布鲁斯·威利斯,1826188,"107,928,762"
辛德勒的名单,1993,A,195分钟,"传记, 剧情, 历史",8.9,在二战期间的德国占领波兰，工业家奥斯卡·辛德勒在目睹纳粹对其犹太员工的迫害后，逐渐对他们的处境感到担忧。,94,史蒂文·斯皮尔伯格,连姆·尼森,拉尔夫·费因斯,本·金斯利,卡罗琳·古达尔,1213505,"96,898,818"
盗梦空间,2010,UA,148分钟,"动作, 冒险, 科幻",8.8,一名通过梦境共享技术窃取公司机密的盗贼被赋予了一个相反的任务，即将一个想法植入一位首席执行官的脑海中。,74,克里斯托弗·诺兰,莱昂纳多·迪卡普里奥,约瑟夫·高登-莱维特,艾略特·佩奇,渡边谦,2067042,"292,576,195"
搏击俱乐部,1999,A,139分钟,剧情,8.8,一名失眠的办公室职员和一名无所畏惧的肥皂制造商组成一个地下搏击俱乐部，逐渐演变成更为复杂的事物。,66,大卫·芬奇,布拉德·皮特,爱德华·诺顿,肉饼,扎克·格雷尼尔,1854740,"37,030,102"
指环王：护戒使者,2001,U,178分钟,"动作, 冒险, 剧情",8.8,一名来自夏尔的温顺霍比特人和八位同伴踏上旅程，旨在摧毁强大的魔戒，拯救中土大陆免受黑暗领主索伦的威胁。,92,彼得·杰克逊,伊利亚·伍德,伊恩·麦凯伦,奥兰多·布鲁姆,肖恩·宾,1661481,"315,544,750"
阿甘正传,1994,UA,142分钟,"剧情, 爱情",8.8,肯尼迪和约翰逊的总统任期，越南战争、水门事件及其他历史事件通过一位智商为75的阿拉巴马男子的视角展开，他唯一的愿望是与儿时的爱人团聚。,82,罗伯特·泽米基斯,汤姆·汉克斯,罗宾·怀特,加里·西尼斯,莎莉·菲尔德,1809221,"330,252,182"
好人、坏人、丑人,1966,A,161分钟,西部,8.8,一场赏金猎人的骗局将两名男子联合在一起，形成一种不安的联盟，以对抗第三者，争夺埋藏在偏远墓地的财富。,90,塞尔吉奥·莱昂内,克林特·伊斯特伍德,埃利·瓦拉赫,李·范克里夫,阿尔多·朱弗雷,688390,"6,100,000"
指环王：双塔奇谋,2002,UA,179分钟,动作，冒险，剧情,8.7,在弗罗多和山姆在狡诈的咕噜的帮助下逐渐接近魔多时，分裂的伙伴关系对抗索伦的新盟友萨鲁曼及其伊辛戈德的军队。,87,彼得·杰克逊,伊利亚·伍德,伊恩·麦克莱恩,维戈·莫特森,奥兰多·布鲁姆,1485555,"342,551,365"
黑客帝国,1999,A,136分钟,动作，科幻,8.7,当一个美丽的陌生人引导计算机黑客尼奥进入一个可怕的地下世界时，他发现了一个令人震惊的真相——他所知道的生活是一个邪恶网络智能的精心欺骗。,73,拉娜·沃卓斯基,莉莉·沃卓斯基,基努·里维斯,劳伦斯·菲什伯恩,凯瑞-安·莫斯,1676426,"171,479,930"
好家伙,1990,A,146分钟,传记，犯罪，剧情,8.7,亨利·希尔的故事以及他在黑帮中的生活，涵盖了他与妻子凯伦·希尔及其黑帮伙伴吉米·康威和汤米·德维托的关系。,90,马丁·斯科塞斯,罗伯特·德尼罗,雷·利奥塔,乔·佩西,洛林·布拉科,1020727,"46,836,394"
星球大战：帝国反击战,1980,UA,124分钟,动作，冒险，奇幻,8.7,在反叛者在冰雪星球霍斯被帝国残酷压制后，卢克·天行者开始与尤达进行绝地训练，而他的朋友们则被达斯·维达和名为波巴·费特的赏金猎人在银河系中追捕。,82,欧文·柯许纳,马克·哈米尔,哈里森·福特,凯丽·费雪,比利·迪·威廉姆斯,1159315,"290,475,067"
飞越杜鹃窝,1975,A,133分钟,剧情,8.7,一名罪犯请求精神失常并被送入精神病院，在那里他反抗压迫的护士并团结起害怕的病人。,83,米洛斯·福尔曼,杰克·尼科尔森,路易丝·弗莱彻,迈克尔·贝里曼,彼得·布罗科,918088,"112,000,000"
汉密尔顿,2020,PG-13,160分钟,传记，剧情，历史,8.6,美国最杰出的开国元勋之一及首任财政部长亚历山大·汉密尔顿的真实生活。现场录制于百老汇的理查德·罗杰斯剧院，原班百老汇演员阵容。,90,托马斯·凯尔,林-曼努尔·米兰达,菲利帕·苏,莱斯利·奥多姆·小,蕾妮·伊莉莎·戈尔兹贝里,55291,nan
寄生虫,2019,A,132分钟,喜剧，剧情，惊悚,8.6,贪婪和阶级歧视威胁着富裕的朴家与贫困的金家之间新形成的共生关系。,96,奉俊昊,宋康昊,李善均,赵汝贞,崔宇植,552778,"53,367,844"
苏拉莱·波特鲁,2020,U,153分钟,剧情,8.6,内杜马兰·拉贾甘“马拉”致力于让普通人飞翔，并在此过程中挑战世界上资本密集的行业和几个阻碍他的人。,nan,苏达·孔加拉,苏里亚,马达范,帕雷什·拉瓦尔,阿帕尔娜·巴拉穆拉利,54995,nan
星际穿越,2014,UA,169分钟,冒险，剧情，科幻,8.6,一组探险者通过太空中的虫洞旅行，以确保人类的生存。,74,克里斯托弗·诺兰,马修·麦康纳,安妮·海瑟薇,杰西卡·查斯坦,麦肯齐·福伊,1512360,"188,020,017"
上帝之城,2002,A,130分钟,犯罪，剧情,8.6,在里约的贫民窟，两名孩子的道路分岔，一个努力成为摄影师，另一个则成为毒枭。,79,费尔南多·梅里尔斯,凯蒂亚·伦德,亚历山大·罗德里格斯,莱安德罗·菲尔米诺,马修斯·纳赫特加尔,699256,"7,563,397"
千与千寻,2001,U,125分钟,动画，冒险，家庭,8.6,在她的家人搬到郊区期间，一个阴郁的10岁女孩误入一个由神灵、女巫和灵魂统治的世界，在那里人类被变成野兽。,96,宫崎骏,戴维·蔡斯,苏珊·普莱谢特,入野自由,柊瑠美,651376,"10,055,859"
拯救大兵瑞恩,1998,R,169分钟,剧情，战争,8.6,在诺曼底登陆后，一组美国士兵深入敌后，试图营救一名在战斗中失去兄弟的伞兵。,91,史蒂文·斯皮尔伯格,汤姆·汉克斯,马特·达蒙,汤姆·塞兹摩尔,爱德华·伯恩斯,1235804,"216,540,909"
綠色奇蹟,1999,A,189分鐘,"犯罪, 劇情, 奇幻",8.6,死刑監獄的看守生活受到一名被控謀殺和強姦的黑人囚犯的影響，他擁有神秘的天賦。,61,弗蘭克·達拉邦特,湯姆·漢克斯,邁克爾·克拉克·鄧肯,大衛·莫斯,邦妮·亨特,1147794,"136,801,374"
美麗人生,1997,U,116分鐘,"喜劇, 劇情, 愛情",8.6,一位開明的猶太圖書館員和他的兒子成為大屠殺的受害者，他用意志、幽默和想像力的完美結合來保護兒子免受營地周圍的危險。,59,羅伯托·貝尼尼,羅伯托·貝尼尼,尼科萊塔·布拉斯基,喬治·坎塔里尼,朱斯蒂諾·杜拉諾,623629,"57,598,247"
七宗罪,1995,A,127分鐘,"犯罪, 劇情, 懸疑",8.6,兩位偵探，一位新手和一位老手，追捕一名以七宗罪作為動機的連環殺手。,65,大衛·芬奇,摩根·弗里曼,布拉德·皮特,凱文·史派西,安德魯·凱文·沃克,1445096,"100,125,643"
沉默的羔羊,1991,A,118分鐘,"犯罪, 劇情, 驚悚",8.6,一名年輕的F.B.I.學員必須尋求一名被監禁的操控型食人殺手的幫助，以抓住另一名連環殺手，一名剝皮狂人。,85,喬納森·德米,喬迪·福斯特,安東尼·霍普金斯,勞倫斯·A·博尼,卡西·萊蒙斯,1270197,"130,742,922"
星際大戰,1977,UA,121分鐘,"動作, 冒險, 奇幻",8.6,盧克·天行者與一名絕地武士、一名自負的飛行員、一名伍基人和兩名機器人聯手，拯救銀河系免受帝國毀滅性戰鬥站的威脅，同時試圖從神秘的達斯·維達手中救出莉亞公主。,90,喬治·盧卡斯,馬克·哈米爾,哈里森·福特,凱莉·費雪,亞歷克·吉尼斯,1231473,"322,740,140"
切腹,1962,nan,133分鐘,"動作, 劇情, 懸疑",8.6,一名要求切腹的浪人被告知另一名曾經造訪的浪人殘酷自殺的消息，他揭示了他們的過去是如何交織在一起的，並因此挑戰了家族的完整性。,85,小林正樹,中井貴一,石濱明,岩下志麻,丹波哲郎,42004,nan
七武士,1954,U,207分鐘,"動作, 冒險, 劇情",8.6,一個貧窮的村莊被強盜襲擊，招募七名失業的武士來幫助他們自衛。,98,黑澤明,三船敏郎,志村喬,津島惠子,島崎雪子,315744,"269,061"
美好人生,1946,PG,130分鐘,"劇情, 家庭, 奇幻",8.6,一位天使從天堂派來幫助一位絕望的商人，讓他看到如果他從未存在過，生活會是什麼樣子。,89,弗蘭克·卡普拉,詹姆斯·史都華,唐娜·瑞德,萊昂內爾·巴里摩,托馬斯·米切爾,405801,nan
小丑,2019,A,122分鐘,"犯罪, 劇情, 驚悚",8.5,在哥譚市，心理有問題的喜劇演員亞瑟·弗萊克被社會忽視和虐待。他隨後踏上了革命和血腥犯罪的下坡路。這條道路使他面對自己的另一面：小丑。,59,陶德·菲利普斯,華金·菲尼克斯,羅伯特·德尼羅,扎西·比茲,弗朗西絲·康羅,939252,"335,451,311"
爆裂鼓手,2014,A,106分鐘,"劇情, 音樂",8.5,一位有前途的年輕鼓手進入一所競爭激烈的音樂學院，他的偉大夢想在一位不惜一切代價實現學生潛力的導師的指導下成長。,88,達米恩·查澤雷,邁爾斯·泰勒,J.K.西蒙斯,梅利莎·班諾伊,保羅·雷賽,717585,"13,092,000"
不可觸碰,2011,UA,112分鐘,"傳記, 喜劇, 劇情",8.5,一位貴族因滑翔傘事故成為四肢癱瘓，雇用一名來自貧民區的年輕人作為他的護理人。,57,奧利維耶·納卡什,埃里克·托萊達諾,弗朗索瓦·克魯澤,奧馬·西,安·勒·尼,760360,"13,182,281"
致命魔術,2006,U,130分鐘,"劇情, 懸疑, 科幻",8.5,在一次悲劇性事故後，兩位舞台魔術師展開了一場創造終極幻覺的戰鬥，並為了超越彼此而犧牲一切。,66,克里斯托弗·諾蘭,克里斯蒂安·貝爾,休·傑克曼,斯嘉麗·約翰遜,邁克爾·凱恩,1190259,"53,089,891"
無間道,2006,A,151 分鐘,"犯罪, 劇情, 驚悚",8.5,一名臥底警察和一名警方的內鬼試圖在潛入南波士頓的愛爾蘭幫派時互相識別。,85,馬丁·斯科塞斯,萊昂納多·迪卡普里奧,馬特·達蒙,傑克·尼科爾森,馬克·沃爾伯格,1189773,"132,384,315"
鋼琴家,2002,R,150 分鐘,"傳記, 劇情, 音樂",8.5,一位波蘭猶太音樂家努力在第二次世界大戰華沙猶太區的毀滅中生存。,85,羅曼·波蘭斯基,艾德里安·布洛迪,托馬斯·克雷施曼,法蘭克·芬雷,艾米莉亞·福克斯,729603,"32,572,577"
角鬥士,2000,UA,155 分鐘,"動作, 冒險, 劇情",8.5,一位前羅馬將軍決心向殺害他家人並將他送入奴隸制的腐敗皇帝復仇。,67,雷德利·斯科特,拉塞爾·克勞,華金·菲尼克斯,康妮·尼爾森,奧利弗·里德,1341460,"187,705,427"
美國X歷史,1998,R,119 分鐘,劇情,8.5,一位前新納粹皮膚頭試圖阻止他的弟弟走上他曾經走過的錯誤道路。,62,托尼·凱,愛德華·諾頓,愛德華·福隆,貝弗莉·德安吉洛,珍妮弗·連,1034705,"6,719,864"
非常嫌疑犯,1995,A,106 分鐘,"犯罪, 懸疑, 驚悚",8.5,唯一的倖存者講述了一系列扭曲事件，導致一場可怕的槍戰，這場槍戰始於五名罪犯在一個看似隨機的警察認人中相遇。,77,布萊恩·辛格,凱文·史貝西,加布里埃爾·伯恩,查茲·帕爾明特里,史蒂芬·鮑德溫,991208,"23,341,568"
殺手,1994,A,110 分鐘,"動作, 犯罪, 劇情",8.5,12歲的女孩馬蒂爾達在她的家人被謀殺後，被職業殺手萊昂不情願地收養。隨著她成為他的徒弟並學習殺手的技藝，兩人之間形成了一種不尋常的關係。,64,呂克·貝松,尚·雷諾,加里·奧德曼,娜塔莉·波特曼,丹尼·艾耶羅,1035236,"19,501,238"
獅子王,1994,U,88 分鐘,"動畫, 冒險, 劇情",8.5,獅子王子辛巴和他的父親被他那懷恨在心的叔叔盯上，叔叔想要奪取王位。,88,羅傑·阿勒斯,羅布·敏科夫,馬修·布羅德里克,傑瑞米·艾恩斯,詹姆斯·厄爾·瓊斯,942045,"422,783,777"
終結者2：審判日,1991,U,137 分鐘,"動作, 科幻",8.5,一名與未能殺死莎拉·康納的賽博格一模一樣的賽博格，現在必須保護她的青少年兒子約翰·康納，免受一個更先進、更強大的賽博格的攻擊。,75,詹姆斯·卡梅隆,阿諾·施瓦辛格,琳達·漢密爾頓,愛德華·福隆,羅伯特·帕特里克,995506,"204,843,350"
新天堂樂園,1988,U,155 分鐘,"劇情, 愛情",8.5,一位電影製作人回憶起他童年時在家鄉的電影院愛上電影的經歷，並與影院的放映師建立了深厚的友誼。,80,朱塞佩·托納多雷,菲利普·諾雷特,恩佐·卡納瓦萊,安東內拉·阿蒂利,伊莎·丹尼利,230763,"11,990,401"
螢火蟲之墓,1988,U,89 分鐘,"動畫, 劇情, 戰爭",8.5,一名小男孩和他的妹妹在二戰期間的日本艱難求生。,94,高畑勲,辰巳努,白石綾乃,山口明美,篠原恭子,235231,nan
回到未來,1985,U,116 分鐘,"冒險, 喜劇, 科幻",8.5,17歲的高中生馬蒂·麥克弗萊意外地被送回三十年前，乘坐他密友、古怪科學家布朗博士發明的時光旅行德羅寧。,87,羅伯特·澤米基斯,邁克爾·J·福克斯,克里斯托弗·洛伊德,莉亞·湯普森,克里斯平·格洛佛,1058081,"210,609,762"
西部往事,1968,U,165 分鐘,西部片,8.5,一位神秘的陌生人手持口琴，與一名臭名昭著的亡命之徒聯手，保護一位美麗的寡婦免受為鐵路工作的一名無情刺客的威脅。,80,塞爾吉奧·萊奧內,亨利·方達,查爾斯·布朗森,克勞迪亞·卡迪納爾,傑森·羅巴茲,302844,"5,321,508"
驚魂記,1960,A,109 分鐘,"恐怖, 懸疑, 驚悚",一名菲尼克斯的秘書從雇主的客戶那裡挪用4萬美元，逃亡並入住一間由其母親控制的年輕男子經營的偏僻汽車旅館。,97,阿爾弗雷德·希區考克,安東尼·帕金斯,珍妮特·李,維拉·邁爾斯,約翰·加文,604211,"32,000,000",
卡萨布兰卡,1942,U,102分钟,"剧情, 爱情, 战争",8.5,一位愤世嫉俗的美国咖啡馆老板挣扎着决定是否帮助他昔日的爱人和她的逃亡丈夫逃离纳粹在法属摩洛哥的追捕。,100,迈克尔·柯蒂兹,亨弗莱·博加特,英格丽·褒曼,保罗·亨雷德,克劳德·雷恩斯,522093,"1,024,560"
现代时代,1936,G,87分钟,"喜剧, 剧情, 家庭",8.5,流浪汉在现代工业社会中挣扎求生，得到了一个年轻无家可归的女人的帮助。,96,查理·卓别林,查理·卓别林,波莱特·戈达尔,亨利·伯格曼,小桑福德,217881,"163,245"
城市之光,1931,G,87分钟,"喜剧, 剧情, 爱情",8.5,在一个富有而古怪的酒鬼的帮助下，一个对盲人花姑娘一见钟情的流浪汉积攒钱财以便能够帮助她治病。,99,查理·卓别林,查理·卓别林,维吉尼亚·切里尔,弗洛伦斯·李,哈里·迈尔斯,167839,"19,181"
卡法纳姆,2018,A,126分钟,剧情,8.4,一个12岁男孩因暴力犯罪被判五年监禁，他起诉父母疏忽。,75,纳丁·拉巴基,扎因·阿尔·拉菲亚,约尔达诺斯·希费拉瓦,博卢瓦提费·特雷asure·班科尔,考萨尔·阿尔·哈达德,62635,"1,661,096"
艾拉：战争之女,2017,nan,125分钟,"传记, 剧情, 历史",8.4,在1950年，朝鲜战争的破坏中，士兵苏莱曼偶然发现一个半冻的小女孩，她没有父母，也没有任何帮助。惊慌、害怕且濒临死亡，...                查看完整摘要 »,nan,坎·乌尔凯,埃尔登·詹,切廷·特金多,伊斯梅尔·哈吉奥格鲁,京镇·李,34112,nan
维克拉姆·韦达,2017,UA,147分钟,"动作, 犯罪, 剧情",8.4,警官维克拉姆与他的搭档西蒙一起追捕走私犯和谋杀犯韦达。韦达试图改变维克拉姆的生活，导致了冲突。,nan,盖雅特里,普什卡尔,马达范,维杰·塞图帕提,施拉达·斯里纳斯,28401,nan
你的名字。,2016,U,106分钟,"动画, 剧情, 奇幻",8.4,两个陌生人以一种奇怪的方式相互联系。当这种联系形成时，距离是否会成为唯一的障碍？,79,新海诚,神木隆之介,上白石萌音,成田凌,青井优纪,194838,"5,017,246"
摔跤吧！爸爸,2016,U,161分钟,"动作, 传记, 剧情",8.4,前摔跤手马哈维尔·辛格·福加特和他的两个摔跤女儿在面对社会压迫时，努力在英联邦运动会上争取荣耀。,nan,尼特什·提瓦里,阿米尔·汗,萨克希·坦瓦尔,法蒂玛·萨娜·沙伊克,桑雅·马尔霍特拉,156479,"12,391,761"
蜘蛛侠：平行宇宙,2018,U,117分钟,"动画, 动作, 冒险",8.4,青少年迈尔斯·莫拉莱斯成为他宇宙的蜘蛛侠，必须与来自其他维度的五个蜘蛛超能力者联手，阻止对所有现实的威胁。,87,鲍勃·佩尔西凯蒂,彼得·拉姆齐,罗德尼·罗斯曼,沙梅克·摩尔,杰克·约翰逊,375110,"190,241,310"
复仇者联盟：终局之战,2019,UA,181分钟,"动作, 冒险, 剧情",8.4,在《复仇者联盟：无限战争》（2018）造成的毁灭性事件后，宇宙陷入废墟。在剩余盟友的帮助下，复仇者们再次集结，以逆转灭霸的行动，恢复宇宙的平衡。,78,安东尼·罗素,乔·罗素,小罗伯特·唐尼,克里斯·埃文斯,马克·鲁法洛,809955,"858,373,000"
复仇者联盟：无限战争,2018,UA,149分钟,"动作, 冒险, 科幻",8.4,复仇者联盟及其盟友必须愿意牺牲一切，以试图在强大的灭霸的毁灭性攻击之前击败他。,68,安东尼·罗素,乔·罗素,小罗伯特·唐尼,克里斯·海姆斯沃斯,马克·鲁法洛,834477,"678,815,482"
可可,2017,U,105分钟,"动画, 冒险, 家庭",8.4,有抱负的音乐家米格尔面对家族对音乐的禁忌，进入亡灵之地寻找他的曾曾祖父，一位传奇歌手。,81,李·安克里奇,阿德里安·莫利纳,安东尼·冈萨雷斯,盖尔·加西亚·贝纳尔,本杰明·布拉特,384171,"209,726,015"
被解放的姜戈,2012,A,165分钟,"剧情, 西部",8.4,在一名德国赏金猎人的帮助下，一名被解放的奴隶踏上了拯救他妻子的旅程，目标是一个残酷的密西西比种植园主。,81,昆汀·塔伦蒂诺,杰米·福克斯,克里斯托弗·瓦尔兹,莱昂纳多·迪卡普里奥,凯瑞·华盛顿,1357682,"162,805,434"
黑暗骑士崛起,2012,UA,164分钟,"动作, 冒险",8.4,在小丑的混乱统治八年后，蝙蝠侠在神秘的猫女的帮助下被迫结束流亡，拯救哥谭市免受残忍的游击恐怖分子贝恩的威胁。,78,克里斯托弗·诺兰,克里斯蒂安·贝尔,汤姆·哈迪,安妮·海瑟薇,加里·奥德曼,1516346,"448,139,099"
三傻大闹宝莱坞,2009,UA,170分钟,"喜剧, 剧情",8.4,两个朋友寻找他们失散已久的同伴。他们重温大学时光，回忆起那个激励他们与众不同思考的朋友，即使在其他人称他们为“傻瓜”的时候。,67,拉吉库马尔·希拉尼,阿米尔·汗,马达范,莫娜·辛格,沙尔曼·乔希,344445,"6,532,908"
地球上的星星,2007,U,165分钟,"剧情, 家庭",8.4,一个八岁的男孩被认为是懒惰的麻烦制造者，直到新的美术老师耐心和同情地发现了他在学校挣扎背后的真正问题。,nan,阿米尔·汗,阿莫尔·古普特,达尔希尔·萨法里,阿米尔·汗,提斯卡·乔普拉,168895,"1,223,869"
机器人总动员,2008,U,98分钟,"动画, 冒险, 家庭",8.4,在遥远的未来，一个小型垃圾收集机器人无意中踏上了一段决定人类命运的太空旅程。,95,安德鲁·斯坦顿,本·伯特,艾莉莎·奈特,杰夫·加林,弗雷德·威勒德,999790,"223,808,164"
他人的生活,2006,A,137分钟,"剧情, 悬疑, 惊悚",8.4,在1984年的东柏林，一名秘密警察的特工对一位作家及其情人进行监视，逐渐被他们的生活所吸引。,89,弗洛里安·亨克尔·冯·多纳斯马克,乌尔里希·穆赫,马丁娜·盖德克,塞巴斯蒂安·科赫,乌尔里希·图库,358685,"11,286,112"
老男孩,2003,A,101分钟,"动作, 剧情, 悬疑",8.4,被绑架并囚禁十五年后，吴大秀被释放，却发现他必须在五天内找到他的绑架者。,77,朴赞郁,崔岷植,刘智泰,姜惠贞,金炳玉,515451,"707,481"
记忆碎片,2000,UA,113分钟,"悬疑, 惊悚",8.4,一名短期记忆丧失的男子试图追踪他妻子的杀手。,80,克里斯托弗·诺兰,盖·皮尔斯,凯瑞-安·莫斯,乔·潘托里亚诺,马克·布恩,1125712,"25,544,867"
幽灵公主,1997,U,134分钟,"动画, 动作, 冒险",8.4,在寻找塔塔里神的诅咒解药的旅程中，阿西塔卡发现自己卷入了森林神与塔塔拉矿业殖民地之间的战争。在这个过程中，他还遇到了森之公主珊。,76,宫崎骏,松田洋治,石田百合子,田中裕子,比利·克鲁德普,343171,"2,375,308"
美国往事,1984,A,229分钟,"犯罪, 剧情",8.4,一位前禁酒时代的犹太黑帮分子在三十多年后重返曼哈顿下东区，再次面对他旧生活的幽灵和遗憾。,nan,塞尔吉奥·莱昂,罗伯特·德尼罗,詹姆斯·伍兹,伊丽莎白·麦戈文,特里特·威廉姆斯,311365,"5,321,508"
夺宝奇兵,1981,A,115分钟,"动作, 冒险",8.4,在1936年，考古学家和冒险家印第安纳·琼斯受美国政府委托，在阿道夫·希特勒的纳粹获得其强大力量之前找到约柜。,85,史蒂文·斯皮尔伯格,哈里森·福特,凯伦·艾伦,保罗·弗里曼,约翰·瑞斯-戴维斯,884112,"248,159,971"
闪灵,1980,A,146分钟,"剧情, 恐怖",8.4,一家人前往一个偏僻的酒店度过冬天，那里一个阴险的存在影响着父亲走向暴力，而他的通灵儿子则看到来自过去和未来的可怕预兆。,66,斯坦利·库布里克,杰克·尼科尔森,谢莉·杜瓦尔,丹尼·劳埃德,斯卡特曼·克罗索斯,898237,"44,017,374"
现代启示录,1979,R,147分钟,"剧情, 悬疑, 战争",8.4,一名在越南服役的美国军官被指派刺杀一名叛逃的特种部队上校，他自视为神。,94,弗朗西斯·福特·科波拉,马丁·辛,马龙·白兰度,罗伯特·杜瓦尔,弗雷德里克·福雷斯特,606398,"83,471,511"
異形,1979,R,117分鐘,"恐怖, 科幻",8.4,在一艘太空商船接收到未知的求救信號後，船員之一被一種神秘生命形式襲擊，他們很快意識到它的生命週期才剛剛開始。,89,雷德利·斯科特,西格妮·韋弗,湯姆·斯克里特,約翰·赫特,維羅妮卡·卡特賴特,787806,"78,900,000"
安娜德,1971,U,122分鐘,"劇情, 音樂",8.4,一名末期病患者希望在不可避免的事情發生之前充分生活，這個故事由他的摯友講述。,nan,赫里希克什·穆克吉,拉傑什·卡納,阿米塔布·巴強,蘇米塔·桑雅爾,拉梅什·德奧,30273,nan
天國與地獄,1963,nan,143分鐘,"犯罪, 劇情, 神秘",8.4,一名鞋業公司的高管在其司機的兒子被綁架並索要贖金時成為勒索的受害者。,nan,黑澤明,三船敏郎,佐田雅志,中井貴一,香川京子,34357,nan
奇愛博士,1964,A,95分鐘,喜劇,8.4,一位瘋狂的將軍觸發了一條通往核大屠殺的道路，戰情室裡的政治家和將軍們拼命試圖阻止。,97,斯坦利·庫布里克,彼得·塞勒斯,喬治·C·斯科特,斯特林·海登,基南·溫,450474,"275,902"
控方證人,1957,U,116分鐘,"犯罪, 劇情, 神秘",8.4,一位資深英國律師必須在一場充滿驚喜的謀殺審判中為他的客戶辯護。,nan,比利·懷德,泰隆·鮑華,瑪琳·迪特里希,查爾斯·勞頓,艾爾莎·蘭徹斯特,108862,"8,175,000"
榮耀之路,1957,A,88分鐘,"劇情, 戰爭",8.4,在拒絕攻擊敵方據點後，一名將軍指控士兵們懦弱，而他們的指揮官必須為他們辯護。,90,斯坦利·庫布里克,柯克·道格拉斯,拉爾夫·米克,阿道夫·梅紐,喬治·麥克雷迪,178092,nan
後窗,1954,U,112分鐘,"神秘, 驚悚",8.4,一位坐輪椅的攝影師從公寓窗戶窺視鄰居，並堅信其中一人犯下了謀殺。,100,阿爾弗雷德·希區考克,詹姆斯·史都華,格蕾絲·凱莉,溫德爾·科瑞,塞爾瑪·瑞特,444074,"36,764,313"
日落大道,1950,通過,110分鐘,"劇情, 黑色電影",8.4,一位編劇與一位過氣影星發展出危險的關係，決心重返巔峰。,nan,比利·懷德,威廉·霍頓,格洛麗亞·斯旺森,埃里希·馮·斯特羅海姆,南希·奧爾森,201632,nan
大獨裁者,1940,通過,125分鐘,"喜劇, 劇情, 戰爭",8.4,獨裁者阿德諾伊德·海克爾試圖擴張他的帝國，而一位可憐的猶太理髮師則試圖避免遭受海克爾政權的迫害。,nan,查理·卓別林,查理·卓別林,波萊特·戈達德,傑克·奧基,雷金納德·加丁,203150,"288,475"
1917,2019,R,119分鐘,"劇情, 驚悚, 戰爭",8.3,1917年4月6日。隨著一個團隊集結在敵方深處發動戰爭，兩名士兵被指派賽跑以傳遞一條信息，阻止1600名士兵走入致命陷阱。,78,山姆·門德斯,迪恩·查爾斯·查普曼,喬治·麥凱,丹尼爾·梅斯,科林·費爾斯,425844,"159,227,644"
坦巴德,2018,A,104分鐘,"劇情, 幻想, 恐怖",8.3,一個關於創造整個宇宙的女神的神話故事。情節圍繞著人類為她的長子建造廟宇後所帶來的後果。,nan,拉希·阿尼爾·巴爾維,阿南德·甘地,阿德什·普拉薩德,索亨·沙,喬蒂·馬爾舍,27793,nan
盲點,2018,UA,139分鐘,"犯罪, 劇情, 音樂",8.3,一系列神秘事件改變了一位盲鋼琴家的生活，他現在必須報告一宗他理論上應該一無所知的罪行。,nan,斯里拉姆·拉甘,阿尤什曼·庫拉納,塔布,拉迪卡·阿普特,阿尼爾·達萬,71875,"1,373,943"
目擊者,2013,U,160分鐘,"犯罪, 劇情, 驚悚",8.3,一名男子為了拯救家人免受懲罰而不擇手段，因為他的家人犯下了一宗意外罪行。,nan,吉圖·喬瑟夫,莫漢拉爾,米娜,阿莎·沙拉斯,安西巴,30722,nan
獵殺,2012,R,115分鐘,劇情,8.3,一位教師過著孤獨的生活，同時為了兒子的監護權而掙扎。他的生活隨著找到愛情和收到兒子的好消息而逐漸好轉，但他的新運氣即將被一個無辜的小謊言殘酷打破。,77,托馬斯·維滕伯格,馬茲·米克爾森,托馬斯·博·拉爾森,安妮卡·維德科普,拉塞·福格斯特隆,281623,"687,185"
《纳德与西敏的婚姻》,2011,PG-13,123分钟,剧情,8.3,一对已婚夫妇面临艰难的决定——是为了改善孩子的生活而移居到另一个国家，还是留在伊朗照顾一位患有阿尔茨海默病的衰弱父母。,95,阿斯哈·法哈迪,佩曼·马阿迪,莉拉·哈塔米,萨雷赫·巴亚特,沙哈布·霍塞尼,220002,"7,098,492"
《火灾》,2010,R,131分钟,"剧情, 悬疑, 战争",8.3,一对双胞胎前往中东，探索他们的家族历史，完成母亲的遗愿。,80,丹尼斯·维伦纽瓦,卢布娜·阿扎巴尔,梅丽莎·德索尔莫,马克西姆·高达特,穆斯塔法·卡梅尔,150023,"6,857,096"
《第七监狱的奇迹》,2019,TV-14,132分钟,剧情,8.3,一个精神病父亲被错误指控谋杀，与他可爱的六岁女儿之间的爱情故事。监狱将成为他们的家。改编自2013年韩国电影《第七号房的礼物》。,nan,梅赫梅特·阿达·厄兹特金,阿拉斯·布鲁特·伊耶梅利,尼萨·索菲亚·阿克松古尔,德尼兹·巴伊萨尔,杰莉尔·托扬·乌伊萨尔,33935,nan
《我父亲和我的儿子》,2005,nan,112分钟,"剧情, 家庭",8.3,一位左翼记者的家庭在1980年土耳其军事政变后支离破碎。,nan,恰甘·伊尔马克,切廷·特金多尔,菲克雷特·库斯坎,赫梅拉,埃吉·坦曼,78925,nan
《无耻混蛋》,2009,A,153分钟,"冒险, 剧情, 战争",8.3,在二战期间的纳粹占领法国，一群美国犹太士兵计划刺杀纳粹领导人与一位剧院老板的复仇计划不谋而合。,69,昆汀·塔伦蒂诺,布拉德·皮特,黛安·克鲁格,艾利·罗斯,梅兰妮·劳伦,1267869,"120,540,719"
《美丽心灵的永恒阳光》,2004,UA,108分钟,"剧情, 爱情, 科幻",8.3,当他们的关系变得紧张时，一对情侣接受医疗程序，试图将对方从记忆中抹去。,89,米歇尔·冈瑞,吉姆·凯瑞,凯特·温斯莱特,汤姆·威尔金森,杰瑞·罗伯特·伯恩,911664,"34,400,301"
《天使爱美丽》,2001,U,122分钟,"喜剧, 爱情",8.3,艾米莉是巴黎一个天真无邪的女孩，拥有自己独特的正义感。她决定帮助周围的人，并在此过程中发现爱情。,69,让-皮埃尔·热内,奥黛丽·塔图,马修·卡索维茨,鲁弗斯,洛雷拉·克拉沃塔,703810,"33,225,499"
《夺宝联盟》,2000,UA,104分钟,"喜剧, 犯罪",8.3,不择手段的拳击推广人、暴力的赌徒、俄罗斯黑帮、无能的业余抢劫犯和自称犹太的珠宝商争相追踪一颗无价的被盗钻石。,55,盖·里奇,杰森·斯坦森,布拉德·皮特,本尼西奥·德尔·托罗,丹尼斯·法里纳,782001,"30,328,156"
《梦之安魂曲》,2000,A,102分钟,剧情,8.3,四个康尼岛人的毒品诱发的乌托邦在他们的成瘾加深时破灭。,68,达伦·阿伦诺夫斯基,艾伦·伯斯汀,贾瑞德·莱托,詹妮弗·康纳利,马龙·韦亚斯,766870,"3,635,482"
《美国美人》,1999,UA,122分钟,剧情,8.3,一位性压抑的郊区父亲在迷恋女儿的好朋友后经历中年危机。,84,山姆·门德斯,凯文·史派西,安妮特·贝宁,索拉·伯奇,韦斯·本特利,1069738,"130,096,601"
《心灵捕手》,1997,U,126分钟,"剧情, 爱情",8.3,威尔·亨廷，麻省理工学院的清洁工，拥有数学天赋，但需要心理学家的帮助来找到生活的方向。,70,古斯·范·桑特,罗宾·威廉姆斯,马特·达蒙,本·阿弗莱克,斯特兰·斯卡斯加德,861606,"138,433,435"
《天空的孩子们》,1997,PG,89分钟,"剧情, 家庭, 体育",8.3,一个男孩在丢失姐姐的鞋子后，展开一系列冒险以寻找它们。当他找不到时，他尝试用新方法“赢得”一双新鞋。,77,马吉德·马吉迪,穆罕默德·阿米尔·纳吉,阿米尔·法鲁赫·哈希米安,巴哈雷·塞迪基,纳菲斯·贾法尔-穆罕默迪,65341,"933,933"
《玩具总动员》,1995,U,81分钟,"动画, 冒险, 喜剧",8.3,一个牛仔玩偶在一个新的宇航员玩偶取代他成为男孩房间的顶级玩具时，感到深深的威胁和嫉妒。,95,约翰·拉塞特,汤姆·汉克斯,蒂姆·艾伦,唐·里克尔斯,吉姆·瓦尼,887429,"191,796,233"
《勇敢的心》,1995,A,178分钟,"传记, 剧情, 历史",8.3,苏格兰战士威廉·华莱士带领他的同胞反抗英格兰国王爱德华一世的暴政，争取自由。,68,梅尔·吉布森,梅尔·吉布森,索菲·玛索,帕特里克·麦戈汉,安格斯·麦克法登,959181,"75,600,000"
落水狗,1992,R,99分钟,"犯罪, 剧情, 惊悚",8.3,当一次简单的珠宝抢劫惨遭失败，幸存的罪犯开始怀疑他们中有一个是警方的线人。,79,昆汀·塔伦蒂诺,哈维·凯特尔,蒂姆·罗斯,迈克尔·马德森,克里斯·潘,918562,"2,832,029"
全金属外壳,1987,UA,116分钟,"剧情, 战争",8.3,一名务实的美国海军陆战队观察到越南战争对他的同伴新兵的非人化影响，从残酷的基础训练到在顺化的血腥街头战斗。,76,斯坦利·库布里克,马修·莫迪恩,R·李·厄米,文森特·多诺费奥,亚当·鲍德温,675146,"46,357,676"
来看看,1985,A,142分钟,"剧情, 惊悚, 战争",8.3,在找到一把旧步枪后，一个年轻男孩加入了苏联抵抗运动，反抗无情的德军，经历了第二次世界大战的恐怖。,nan,埃莱姆·克里莫夫,阿列克谢·克拉夫琴科,奥尔加·米罗诺娃,柳博米拉斯·劳切维丘斯,弗拉达斯·巴格多纳斯,59056,nan
异形,1986,U,137分钟,"动作, 冒险, 科幻",8.3,在经历了五十七年后，瑞普利军官从超睡眠中醒来，试图警告任何愿意倾听的人关于掠夺者的威胁。,84,詹姆斯·卡梅隆,西格妮·韦弗,迈克尔·比恩,凯莉·亨,保罗·瑞泽,652719,"85,160,248"
阿玛迪斯,1984,R,160分钟,"传记, 剧情, 历史",8.3,沃尔夫冈·阿玛迪斯·莫扎特的生活、成功与烦恼，由当时的作曲家安东尼奥·萨列里讲述，他对莫扎特的才华极度嫉妒，并声称自己谋杀了他。,88,米洛斯·福尔曼,F·穆雷·亚伯拉罕,汤姆·霍尔斯,伊丽莎白·贝里奇,罗伊·多特里斯,369007,"51,973,029"
疤面煞星,1983,A,170分钟,"犯罪, 剧情",8.3,在1980年的迈阿密，一位决心坚定的古巴移民接管了一个毒品卡特尔，并屈服于贪婪。,65,布莱恩·德·帕尔马,阿尔·帕西诺,米歇尔·菲佛,史蒂文·鲍尔,玛丽·伊丽莎白·马斯特兰托尼,740911,"45,598,982"
星球大战：绝地归来,1983,U,131分钟,"动作, 冒险, 奇幻",8.3,在一次大胆的任务中，叛军试图从贾巴·哈特救出汉·索罗，并派遣队伍前往恩多摧毁第二颗死星。与此同时，卢克努力帮助达斯·维德回归光明，而不落入皇帝的陷阱。,58,理查德·马奎德,马克·哈米尔,哈里森·福特,凯丽·费雪,比利·迪·威廉姆斯,950470,"309,125,409"
潜艇,1981,R,149分钟,"冒险, 剧情, 惊悚",8.3,二战德国潜艇的密闭世界；无聊、肮脏与纯粹的恐惧。,86,沃尔夫冈·彼得森,于尔根·普罗赫诺,赫尔伯特·格罗内梅耶,克劳斯·温纳曼,胡贝图斯·本格施,231855,"11,487,676"
出租车司机,1976,A,114分钟,"犯罪, 剧情",8.3,一名精神不稳定的老兵在纽约市当夜班出租车司机，目睹的颓废与肮脏激发了他通过解救一名总统竞选工作人员和一名未成年妓女来进行暴力行动的冲动。,94,马丁·斯科塞斯,罗伯特·德尼罗,朱迪·福斯特,西比尔·谢泼德,阿尔伯特·布鲁克斯,724636,"28,262,574"
骗局,1973,U,129分钟,"喜剧, 犯罪, 剧情",8.3,两个骗子联手进行终极诈骗。,83,乔治·罗伊·希尔,保罗·纽曼,罗伯特·雷德福,罗伯特·肖,查尔斯·达宁,241513,"159,600,000"
发条橙,1971,A,136分钟,"犯罪, 剧情, 科幻",8.3,在未来，一个施虐狂帮派首领被监禁并自愿参加一种厌恶行为实验，但事情并没有按计划进行。,77,斯坦利·库布里克,马尔科姆·麦克道威尔,帕特里克·梅基,迈克尔·贝茨,沃伦·克拉克,757904,"6,207,725"
2001太空漫游,1968,U,149分钟,"冒险, 科幻",8.3,在发现埋藏在月球表面下的神秘文物后，人类开始了一场寻找其起源的探索，得到了智能超级计算机H.A.L. 9000的帮助。,84,斯坦利·库布里克,基尔·杜利亚,加里·洛克伍德,威廉·西尔维斯特,丹尼尔·里希特,603517,"56,954,992"
为了一些美元,1965,U,132分钟,西部片,8.3,两个有着相同意图的赏金猎人联手追捕一个西部亡命之徒。,74,塞尔吉奥·莱昂内,克林特·伊斯特伍德,李·范·克里夫,吉安·玛丽亚·沃隆特,玛拉·克鲁普,232772,"15,000,000"
阿拉伯的劳伦斯,1962,U,228分钟,"冒险, 传记, 剧情",8.3,讲述了T.E.劳伦斯，这位英国军官在第一次世界大战期间成功团结并领导了多元化、常常交战的阿拉伯部落，以对抗土耳其人。,100,大卫·里恩,彼得·奥图,亚历克·吉尼斯,安东尼·奎恩,杰克·霍金斯,268085,"44,824,144"
公寓,1960,U,125分钟,"喜剧, 剧情, 爱情",8.3,一名男子试图通过让公司的高管使用他的公寓进行幽会来提升自己的职位，但随之而来的是复杂的局面和他自己的爱情故事。,94,比利·怀尔德,杰克·莱蒙,雪莉·麦克雷恩,弗雷德·麦克穆雷,雷·沃尔斯顿,164363,"18,600,000"
西北偏北,1959,U,136分钟,"冒险, 悬疑, 惊悚",8.3,一名纽约市的广告高管在被一群外国间谍误认为是政府特工后开始逃亡。,98,阿尔弗雷德·希区柯克,凯瑞·格兰特,伊娃·玛丽·圣,詹姆斯·梅森,杰西·罗伊斯·兰迪斯,299198,"13,275,000"
眩晕,1958,A,128分钟,"悬疑, 爱情, 惊悚",8.3,一名前警探在与个人恶魔斗争的同时，变得痴迷于一位令人难以忘怀的美丽女子。,100,阿尔弗雷德·希区柯克,詹姆斯·斯图尔特,金·诺瓦克,芭芭拉·贝尔·戈迪斯,汤姆·赫尔莫尔,364368,"3,200,000"
雨中曲,1952,G,103分钟,"喜剧, 音乐, 爱情",8.3,一家无声电影制作公司及其演员在向有声电影过渡时遇到困难。,99,斯坦利·多南,吉恩·凯利,吉恩·凯利,唐纳德·奥康纳,黛比·雷诺兹,218957,"8,819,028"
活着,1952,nan,143分钟,剧情,8.3,一名官僚在发现自己得了绝症后，试图寻找生活的意义。,nan,黑泽明,志村乔,金子信雄,日野新一,田中春男,68463,"55,240"
自行车盗贼,1948,nan,89分钟,剧情,8.3,在战后意大利，一名工人阶级男子的自行车被盗。他和他的儿子踏上了寻找自行车的旅程。,nan,维托里奥·德·西卡,兰贝托·马焦拉尼,恩佐·斯泰奥拉,利安内拉·卡雷尔,埃琳娜·阿尔蒂耶里,146427,"332,930"
双重赔偿,1944,通过,107分钟,"犯罪, 剧情, 黑色电影",8.3,一名保险代表被一位诱人的家庭主妇说服，参与一场谋杀/保险欺诈计划，这引起了一名保险调查员的怀疑。,95,比利·怀尔德,弗雷德·麦克穆雷,芭芭拉·斯坦威克,爱德华·G·罗宾逊,拜伦·巴尔,143525,"5,720,000"
公民凯恩,1941,UA,119分钟,"剧情, 悬疑",8.3,在出版大亨查尔斯·福斯特·凯恩去世后，记者们争相揭开他最后一句话“玫瑰花蕾”的含义。,100,奥逊·威尔斯,奥逊·威尔斯,约瑟夫·科顿,多萝西·卡明戈,阿格尼斯·摩尔黑德,403351,"1,585,634"
M - 一座城市寻找杀手,1931,通过,117分钟,"犯罪, 悬疑, 惊悚",8.3,当德国城市的警察无法抓住一名儿童杀手时，其他罪犯加入了追捕。,nan,弗里茨·朗,彼得·洛瑞,艾伦·维德曼,英格·兰德古特,奥托·维尔尼克,143434,"28,877"
大都会,1927,nan,153分钟,"剧情, 科幻",8.3,在一个未来城市中，工人阶级与城市规划者之间的界限鲜明，城市的策划者之子爱上了一位预言救世主将调解他们分歧的工人阶级先知。,98,弗里茨·朗,布里吉特·赫尔姆,阿尔弗雷德·阿贝尔,古斯塔夫·弗罗里希,鲁道夫·克莱因-罗格,159992,"1,236,166"
小子,1921,通过,68分钟,"喜剧, 剧情, 家庭",8.3,流浪汉照顾一个被遗弃的孩子，但事件使这种关系处于危险之中。,nan,查理·卓别林,查理·卓别林,埃德娜·普尔维安斯,杰基·库根,卡尔·米勒,113314,"5,450,000"
青春无悔,2019,UA,143分钟,"喜剧, 剧情",8.2,一场悲惨的事件迫使中年男子阿尼鲁德回忆起与朋友们的大学时光，他们曾被贴上失败者的标签。,nan,尼特什·提瓦里,苏尚特·辛格·拉杰普特,施拉达·卡普尔,瓦伦·沙尔马,普拉泰克,33893,"898,575"
乌里：外科打击,2018,UA,138分钟,"动作, 剧情, 战争",8.2,印度军队特种部队执行一项秘密行动，为在基地被恐怖分子杀害的战友复仇。,nan,阿迪提亚·达尔,维基·考肖尔,帕雷什·拉瓦尔,莫希特·雷纳,雅米·高塔姆,43444,"4,186,168"
K.G.F: 第一章,2018,UA,156分钟,"动作, 剧情",8.2,在1970年代，一位激烈的叛乱者反抗残酷的压迫，成为被压迫人民的希望象征。,nan,Prashanth Neel,Yash,Srinidhi Shetty,Ramachandra Raju,Archana Jois,36680,nan
绿皮书,2018,UA,130分钟,"传记, 喜剧, 剧情",8.2,一位工人阶级的意大利裔美国保镖成为一位非裔美国古典钢琴家的司机，陪伴他在1960年代美国南方的巡演。,69,Peter Farrelly,Viggo Mortensen,Mahershala Ali,Linda Cardellini,Sebastian Maniscalco,377884,"85,080,171"
三块广告牌,2017,A,115分钟,"喜剧, 犯罪, 剧情",8.2,一位母亲在当地当局未能抓住凶手时，亲自挑战他们解决女儿的谋杀案。,88,Martin McDonagh,Frances McDormand,Woody Harrelson,Sam Rockwell,Caleb Landry Jones,432610,"54,513,740"
塔尔瓦尔,2015,UA,132分钟,"犯罪, 剧情, 悬疑",8.2,一位经验丰富的调查员面对关于暴力双重谋杀的多个相互矛盾的理论。,nan,Meghna Gulzar,Irrfan Khan,Konkona Sen Sharma,Neeraj Kabi,Sohum Shah,31142,"342,370"
巴霍巴利2：结局,2017,UA,167分钟,"动作, 剧情",8.2,当巴霍巴利的儿子希瓦了解到他的遗产时，他开始寻找答案。他的故事与在马希什马提王国发生的过去事件交织在一起。,nan,S.S. Rajamouli,Prabhas,Rana Daggubati,Anushka Shetty,Tamannaah Bhatia,75348,"20,186,659"
克劳斯,2019,PG,96分钟,"动画, 冒险, 喜剧",8.2,一个简单的善举总能引发另一个，即使在一个寒冷、遥远的地方。当斯梅伦堡的新邮递员杰斯珀与玩具制造商克劳斯成为朋友时，他们的礼物融化了一个古老的 feud，并带来了满满的节日传统。,65,Sergio Pablos,Carlos Martínez López,Jason Schwartzman,J.K. Simmons,Rashida Jones,104761,nan
目击者,2015,UA,163分钟,"犯罪, 剧情, 悬疑",8.2,一名男子采取绝望的措施，试图拯救他的家人免受法律的黑暗面，在他们犯下意外罪行后。,nan,Nishikant Kamat,Ajay Devgn,Shriya Saran,Tabu,Rajat Kapoor,70367,"739,478"
女王,2013,UA,146分钟,"冒险, 喜剧, 剧情",8.2,一位来自传统家庭的德里女孩在婚姻被取消后，独自踏上蜜月之旅。,nan,Vikas Bahl,Kangana Ranaut,Rajkummar Rao,Lisa Haydon,Jeffrey Ho,60701,"1,429,534"
橘子树,2013,nan,87分钟,"剧情, 战争",8.2,1992年，阿布哈兹（格鲁吉亚的一个分裂地区）战火纷飞。一位爱沙尼亚人伊沃决定留下来收获他的橘子。在他家门口的血腥冲突中，一名受伤的男子被遗弃，伊沃将他收留。,73,Zaza Urushadze,Lembit Ulfsak,Elmo Nüganen,Giorgi Nakashidze,Misha Meskhi,40382,"144,501"
奔跑吧，米尔卡,2013,U,186分钟,"传记, 剧情, 体育",8.2,米尔卡·辛格的崛起背后的真相，他因印巴分治而受到伤害。,nan,Rakeysh Omprakash Mehra,Farhan Akhtar,Sonam Kapoor,Pawan Malhotra,Art Malik,61137,"1,626,289"
瓦赛普尔的帮派,2012,A,321分钟,"动作, 喜剧, 犯罪",8.2,苏尔坦与沙希德·汗之间的冲突导致汗被驱逐出瓦赛普尔，并点燃了跨越三代的致命血仇。,89,Anurag Kashyap,Manoj Bajpayee,Richa Chadha,Nawazuddin Siddiqui,Tigmanshu Dhulia,82365,nan
飞翔,2010,UA,134分钟,剧情,8.2,一名16岁男孩因被学校开除而回到家中，面对虐待和压迫的父亲。,nan,Vikramaditya Motwane,Rajat Barmecha,Ronit Roy,Manjot Singh,Ram Kapoor,42341,"7,461"
潘·辛格·托马尔,2012,UA,135分钟,"动作, 传记, 犯罪",8.2,潘·辛格·托马尔的故事，一位印度运动员和七次全国障碍赛冠军，在退役后成为昌巴尔谷最令人畏惧的强盗之一。,nan,Tigmanshu Dhulia,Irrfan Khan,Mahie Gill,Rajesh Abhay,Hemendra Dandotiya,33237,"39,567"
眼中的秘密,2009,R,129分鐘,"劇情, 懸疑, 愛情",8.2,一位退休的法律顧問寫了一本小說，希望能為他過去未解決的謀殺案件和對上司的單戀找到結局——這兩者在數十年後仍然困擾著他。,80,胡安·何塞·坎潘那,里卡多·達林,索萊達·維亞米爾,巴勃羅·拉戈,卡拉·奎維多,193217,"6,391,436"
戰士,2011,UA,140分鐘,"動作, 劇情, 體育",8.2,一位酗酒的前拳擊手的幼子回到家中，接受父親的訓練，參加混合武術比賽——這條道路使他與疏遠的哥哥發生衝突。,71,加文·奧康納,湯姆·哈迪,尼克·諾特,喬爾·埃哲頓,珍妮弗·莫里森,435950,"13,657,115"
禁閉島,2010,A,138分鐘,"懸疑, 驚悚",8.2,1954年，一名美國法警調查一名逃離精神病院的謀殺犯失踪的案件。,63,馬丁·斯科塞斯,萊昂納多·迪卡普里奧,艾米莉·莫提默,馬克·魯法洛,本·金斯利,1129894,"128,012,934"
飛屋環遊記,2009,U,96分鐘,"動畫, 冒險, 喜劇",8.2,78歲的卡爾·弗雷德里克森駕駛著裝滿氣球的房子前往天堂瀑布，無意中帶上了一位年輕的偷渡者。,88,皮特·道克特,鮑勃·彼得森,愛德華·阿斯納,喬丹·長井,約翰·拉岑伯格,935507,"293,004,164"
華爾街之狼,2013,A,180分鐘,"傳記, 犯罪, 劇情",8.2,根據喬丹·貝爾福特的真實故事，講述他從一名富有的股票經紀人過上奢華生活到因犯罪、腐敗和聯邦政府的介入而墮落的過程。,75,馬丁·斯科塞斯,萊昂納多·迪卡普里奧,喬納·希爾,瑪格特·羅比,馬修·麥康納,1187498,"116,900,694"
印度教練,2007,U,153分鐘,"劇情, 家庭, 體育",8.2,卡比爾·汗是印度女子國家曲棍球隊的教練，他的夢想是讓全女子隊在逆境中獲勝。,68,希米特·阿敏,沙魯克·汗,維迪亞·馬爾瓦德,薩加里卡·哈特基,希爾帕·舒克拉,74129,"1,113,541"
血色將至,2007,A,158分鐘,劇情,8.2,講述一個關於家庭、宗教、仇恨、石油和瘋狂的故事，聚焦於一位在商業初期的探勘者。,93,保羅·托馬斯·安德森,丹尼爾·戴-劉易斯,保羅·達諾,基亞蘭·辛德斯,馬丁·斯特林,517359,"40,222,514"
潘神的迷宮,2006,UA,118分鐘,"劇情, 奇幻, 戰爭",8.2,在1944年的法西斯西班牙，一位書呆子般的年輕繼女逃入一個陰森卻迷人的幻想世界。,98,吉爾莫·德爾·托羅,伊瓦娜·巴奎羅,阿里亞德娜·吉爾,塞爾吉·洛佩斯,瑪麗貝爾·維爾杜,618623,"37,634,615"
玩具總動員3,2010,U,103分鐘,"動畫, 冒險, 喜劇",8.2,玩具們在安迪上大學前錯誤地被送到了日托中心，而伍迪必須說服其他玩具他們並沒有被遺棄，並且要回家。,92,李·昂克里奇,湯姆·漢克斯,蒂姆·艾倫,瓊·庫薩克,內德·比提,757032,"415,004,880"
V字仇殺隊,2005,A,132分鐘,"動作, 劇情, 科幻",8.2,在未來的英國暴政中，一位神秘的自由鬥士，只以“V”的化名為人所知，計劃在一位年輕女性的幫助下推翻政權。,62,詹姆斯·麥克提格,休·韋靈,娜塔莉·波特曼,魯伯特·格雷夫斯,斯蒂芬·瑞,1032749,"70,511,035"
染色印度,2006,UA,167分鐘,"喜劇, 犯罪, 劇情",8.2,講述六位年輕印度人協助一位英國女性拍攝有關自由鬥士的紀錄片，以及導致他們重溫那段被遺忘的自由史詩的事件。,nan,拉基什·奧姆普拉卡什·梅赫拉,阿米爾·汗,索哈·阿里·汗,西達特,沙爾曼·喬希,111937,"2,197,331"
黑色,2005,U,122分鐘,劇情,8.2,講述一位看不見、聽不見、說不出話的年輕女性，以及帶給她光明的老師的感人故事。,nan,桑傑·利拉·班薩里,阿米塔布·巴赫昌,拉妮·穆克吉,謝爾納茲·帕特爾,艾莎·卡普爾,33354,"733,094"
蝙蝠俠：開戰時刻,2005,UA,140分鐘,"動作, 冒險",8.2,在與導師訓練後，蝙蝠俠開始了拯救罪惡橫行的哥譚市脫離腐敗的戰鬥。,70,克里斯托弗·諾蘭,克里斯蒂安·貝爾,麥可·凱恩,渡邊謙,連恩·尼遜,1308302,"206,852,432"
故鄉：我們，人民,2004,U,210分鐘,劇情,8.2,一位成功的印度科學家回到印度的一個村莊，帶著他的保姆前往美國，並在此過程中重新發現自己的根源。,nan,阿蘇托什·高瓦里克,沙魯克·汗,蓋雅特里·喬希,基肖里·巴拉爾,斯密特·謝特,83005,"1,223,240"
末日,2004,R,156分鐘,"傳記, 劇情, 歷史",8.2,特勞德爾·容格，阿道夫·希特勒的最後一位秘書，講述納粹獨裁者在二戰結束時在柏林碉堡的最後日子。,82,奧利佛·希爾施比格,布魯諾·甘茲,亞歷山德拉·瑪麗亞·拉拉,烏爾里希·馬特斯,朱莉安·科赫勒,331308,"5,509,040"
哈爾的移動城堡,2004,U,119分鐘,"動畫, 冒險, 家庭",8.2,當一位缺乏自信的年輕女子被一位懷恨在心的女巫詛咒成為一具老身體時，她唯一打破詛咒的機會在於一位自我放縱但不安的年輕巫師及其同伴們，和他那座行走的城堡。,80,宮崎駿,倍賞千恵子,木村拓哉,賀集完,三輪明宏,333915,"4,711,096"
美麗心靈,2001,UA,135分鐘,"傳記, 劇情",8.2,在約翰·納什，一位聰明但不擅社交的數學家，接受了加密工作的秘密後，他的生活開始變得如噩夢般。,72,朗·霍華德,拉塞爾·克勞,艾德·哈里斯,詹妮弗·康納利,克里斯托弗·普盧默,848920,"170,742,341"
赫拉·費瑞,2000,U,156分鐘,"動作, 喜劇, 犯罪",8.2,三名失業男子尋找解決金錢問題的辦法，但當機會來臨時，他們會知道該怎麼做嗎？,nan,普里亞達爾尚,阿克謝·庫馬,蘇尼爾·謝提,帕雷什·勞爾,塔布,57057,nan
鎖、庫存和兩把冒煙的槍,1998,A,107分鐘,"動作, 喜劇, 犯罪",8.2,倫敦的一場失敗的牌局引發了四位朋友、流氓、種植者、硬漢、放貸者和債務催收者之間的一系列意外事件，所有這一切都是為了大麻、現金和兩把古董散彈槍。,66,蓋·瑞奇,傑森·弗萊明,德克斯特·弗萊徹,尼克·莫蘭,傑森·斯坦森,535216,"3,897,569"
洛杉磯機密,1997,A,138分鐘,"犯罪, 劇情, 懸疑",8.2,隨著1950年代洛杉磯的腐敗加劇，三名警察——一名拘謹、一名殘忍和一名卑鄙——以各自的正義觀調查一系列謀殺案。,90,柯蒂斯·漢森,凱文·史貝西,拉塞爾·克勞,蓋·皮爾斯,金·貝辛格,531967,"64,616,940"
劫匪,1996,nan,128分鐘,"犯罪, 劇情, 驚悚",8.2,巴蘭，這位被監禁35年的強盜，尋求復仇和他的情人。,nan,雅武茲·圖爾古,謝內爾·森,尤古爾·尤賽爾,謝爾敏·赫爾梅里奇,耶希姆·薩爾金,64118,nan
熱力,1995,A,170分鐘,"犯罪, 劇情, 驚悚",8.2,一群專業銀行搶匪在最新的搶劫中不知不覺留下了一個線索，開始感受到警方的壓力。,76,邁克爾·曼,阿爾·帕西諾,羅伯特·德尼羅,瓦爾·基爾默,喬恩·沃伊特,577113,"67,436,818"
賭城風雲,1995,A,178分鐘,"犯罪, 劇情",8.2,一個關於貪婪、欺騙、金錢、權力和謀殺的故事，發生在兩位摯友之間：一位黑手黨執法者和一位賭場高管在賭博帝國及一位快生活快愛的社交名媛之間展開競爭。,73,馬丁·斯科塞斯,羅伯特·德尼羅,莎朗·史東,喬·佩西,詹姆斯·伍茲,466276,"42,438,300"
各自的風格,1994,U,160分鐘,"動作, 喜劇, 愛情",8.2,兩個懶漢為了贏得一位女繼承人的芳心，不經意間成為了她抵抗邪惡罪犯的保護者。,nan,拉傑庫馬·桑托希,阿米爾·汗,薩爾曼·汗,拉維娜·坦登,卡莉斯瑪·卡普爾,49300,nan
不可饒恕,1992,A,130分鐘,"劇情, 西部",8.2,退休的老西部槍手威廉·穆尼不情願地接受了最後一個任務，並在他的老夥伴內德·洛根和一名年輕人“斯科菲爾德小子”的幫助下完成。,85,克林特·伊斯特伍德,克林特·伊斯特伍德,基恩·哈克曼,摩根·弗里曼,理查德·哈里斯,375935,"101,157,447"
印地安那·瓊斯與最後的十字軍,1989,U,127分鐘,"動作, 冒險",8.2,在1938年，當他的父親亨利·瓊斯教授失踪，追尋聖杯時，亨利·“印地安那”·瓊斯教授再次面對阿道夫·希特勒的納粹，阻止他們獲得聖杯的力量。,65,史蒂文·斯皮爾伯格,哈里森·福特,肖恩·康納利,艾莉森·杜迪,登霍姆·艾略特,692366,"197,171,806"
《為了生活的家》,1988,R,142分鐘,"喜劇, 犯罪, 劇情",8.2,在這個以薩拉熱窩和意大利為背景的光輝故事中，年輕的羅姆人佩漢被小犯罪的快速現金世界所誘惑，這威脅著他和他所愛之人的生活。,nan,埃米爾·庫斯圖里卡,達沃爾·杜伊莫維奇,博拉·托多羅維奇,柳比卡·阿茲維奇,胡斯尼亞·哈希莫維奇,26402,"280,015"
《鄰家的托托羅》,1988,U,86分鐘,"動畫, 家庭, 奇幻",8.2,當兩個女孩搬到鄉下以靠近生病的母親時，她們與附近神奇的森林精靈展開了冒險。,86,宮崎駿,高木仁志,日高法子,坂本千夏,糸井重里,291180,"1,105,564"
《虎膽龍威》,1988,A,132分鐘,"動作, 驚悚",8.2,一名紐約警察試圖拯救在洛杉磯中城廣場的聖誕派對上被德國恐怖分子劫持的妻子和其他幾人。,72,約翰·麥克蒂爾南,布魯斯·威利斯,阿蘭·瑞克曼,邦妮·貝德利亞,雷金納德·維爾約翰遜,793164,"83,008,852"
《亂》,1985,U,162分鐘,"動作, 劇情, 戰爭",8.2,在中世紀的日本，一位年邁的軍閥退休，將他的帝國交給三個兒子。然而，他大大低估了新獲得的權力將如何腐蝕他們並使他們互相反目...以及對他。,96,黑澤明,仲代達矢,寺尾聰,根津甚八,柳生博,112505,"4,135,750"
《憤怒的公牛》,1980,A,129分鐘,"傳記, 劇情, 體育",8.2,拳擊手傑克·拉莫塔的生活，他的暴力和脾氣使他在擂台上達到巔峰，但卻摧毀了他在擂台外的生活。,89,馬丁·斯科塞斯,羅伯特·德尼羅,凱西·莫里阿提,喬·佩西,弗蘭克·文森特,321860,"23,383,987"
《潛行者》,1979,U,162分鐘,"劇情, 科幻",8.2,一名向導帶領兩名男子穿越一個被稱為區域的地方，以尋找一個可以實現願望的房間。,nan,安德烈·塔可夫斯基,阿莉莎·弗雷德利克,亞歷山大·凱達諾夫斯基,阿納托利·索洛尼茨,尼古拉·格林科,116945,"234,723"
《秋天奏鳴曲》,1978,U,99分鐘,"劇情, 音樂",8.2,一位渴望母愛的已婚女兒被她的母親拜訪，後者是一位成功的音樂會鋼琴家。,nan,英格瑪·伯格曼,英格麗·褒曼,莉芙·烏爾曼,蕾娜·尼曼,哈爾瓦·比約克,26875,nan
《訊息》,1976,PG,177分鐘,"傳記, 劇情, 歷史",8.2,這部史詩般的歷史劇記錄了先知穆罕默德的生活和時代，並作為早期伊斯蘭歷史的介紹。,nan,穆斯塔法·阿卡德,安東尼·奎因,艾琳·帕帕斯,邁克爾·安薩拉,約翰尼·塞卡,43885,nan
《火焰與劍》,1975,U,204分鐘,"動作, 冒險, 喜劇",8.2,在他的家人被一名臭名昭著且無情的強盜謀殺後，一名前警察雇用兩名亡命之徒來捕捉這名強盜。,nan,拉梅什·西皮,桑吉夫·庫馬爾,達爾梅德拉,阿米塔布·巴赫昌,阿姆賈德·汗,51284,nan
《蒙提·派森與聖杯》,1975,PG,91分鐘,"冒險, 喜劇, 奇幻",8.2,亞瑟王和他的圓桌騎士展開了一場超現實的低預算尋找聖杯的旅程，途中遇到了許多非常愚蠢的障礙。,91,特里·吉利安,特里·瓊斯,格雷厄姆·查普曼,約翰·克里斯,艾瑞克·艾德爾,500875,"1,229,197"
《大逃亡》,1963,U,172分鐘,"冒險, 劇情, 歷史",8.2,盟軍戰俘計劃讓數百名戰俘在第二次世界大戰期間從德國營地逃脫。,86,約翰·斯圖爾吉斯,史蒂夫·麥奎因,詹姆斯·加納,理查德·阿滕伯勒,查爾斯·布朗森,224730,"12,100,000"
《殺死一隻知更鳥》,1962,U,129分鐘,"犯罪, 劇情",8.2,在大蕭條時期的南方，律師阿提克斯·芬奇為一名無辜的黑人辯護，並為他的孩子們抵抗偏見。,88,羅伯特·穆利根,格雷戈里·派克,約翰·梅格納,弗蘭克·奧弗頓,羅絲瑪麗·墨菲,293811,nan
《用心棒》,1961,nan,110分鐘,"動作, 劇情, 驚悚",8.2,一名狡猾的浪人來到一個被兩個犯罪幫派分裂的小鎮，決定利用他們互相對抗來解放小鎮。,nan,黑澤明,三船敏郎,東野英治,仲代達矢,塚本陽子,111244,nan
《紐倫堡審判》,1961,A,179分鐘,"劇情, 戰爭",8.2,1948年，美國法院在被佔領的德國審判四名被控戰爭罪的納粹分子。,60,史丹利·克雷默,斯賓塞·崔西,伯特·蘭卡斯特,理查德·維德馬克,瑪琳·迪特里希,69458,nan
热情似火,1959,U,121分钟,"喜剧, 音乐, 爱情",8.2,在目睹了一起黑帮谋杀后，两名男性音乐家化妆成女性，逃离州外加入全女乐队，但随之而来的复杂情况让他们陷入困境。,98,比利·怀尔德,玛丽莲·梦露,托尼·柯蒂斯,杰克·莱蒙,乔治·拉夫,243943,"25,000,000"
野草莓,1957,U,91分钟,"剧情, 爱情",8.2,一位经历了冷漠生活的老教授被迫面对自己存在的空虚。,88,英格玛·伯格曼,维克多·肖斯特龙,比比·安德森,英格丽·图林,古纳尔·比约恩斯特兰,96381,nan
第七封印,1957,A,96分钟,"剧情, 奇幻, 历史",8.2,一名男子在黑死病期间与死神下棋，寻求关于生命、死亡和上帝存在的答案。,88,英格玛·伯格曼,马克斯·冯·西多,古纳尔·比约恩斯特兰,本特·埃克罗特,尼尔斯·波佩,164939,nan
人间的愉悦,1955,nan,118分钟,"犯罪, 剧情, 惊悚",8.2,四名男子策划一场技术上完美的犯罪，但人性因素却介入其中……,97,朱尔斯·达辛,让·塞尔瓦,卡尔·莫赫纳,罗伯特·曼纽尔,雅尼娜·达尔西,28810,"57,226"
拨打M号谋杀,1954,A,105分钟,"犯罪, 惊悚",8.2,一位前网球运动员在得知妻子出轨后，试图安排谋杀她。,75,阿尔弗雷德·希区柯克,雷·米兰,格蕾丝·凯利,罗伯特·卡明斯,约翰·威廉姆斯,158335,"12,562"
东京物语,1953,U,136分钟,剧情,8.2,一对老夫妇前往城市探望子女和孙辈，却得不到多少关注。,nan,小津安二郎,笃志龙,东山千荣子,山村聪,原节子,53153,nan
罗生门,1950,nan,88分钟,"犯罪, 剧情, 悬疑",8.2,一名新娘被强奸，她的武士丈夫被杀的事件从强盗、新娘、武士的鬼魂和伐木工的视角回忆。,98,黑泽明,三船敏郎,京町子,森雅之,志村乔,152572,"96,568"
关于伊芙的一切,1950,通过,138分钟,剧情,8.2,一位看似胆怯但内心却无情的年轻女演员逐渐渗透进一位年迈百老汇明星及其剧院朋友的生活中。,98,约瑟夫·L·曼凯维奇,贝蒂·戴维斯,安·巴克斯特,乔治·桑德斯,塞莱斯特·霍尔姆,120539,"10,177"
西雅图的宝藏,1948,通过,126分钟,"冒险, 剧情, 西部",8.2,两名美国人在墨西哥寻找工作，劝说一位老探矿者帮助他们在西雅图山脉挖掘黄金。,98,约翰·休斯顿,亨弗莱·鲍嘉,沃尔特·休斯顿,蒂姆·霍尔特,布鲁斯·本内特,114304,"5,014,000"
生存还是毁灭,1942,通过,99分钟,"喜剧, 战争",8.2,在纳粹占领波兰期间，一支戏剧团卷入了一名波兰士兵追查德国间谍的努力中。,86,恩斯特·卢比奇,卡罗尔·隆巴德,杰克·本尼,罗伯特·斯塔克,费利克斯·布雷萨特,29915,nan
淘金记,1925,通过,95分钟,"冒险, 喜剧, 剧情",8.2,一名探矿者前往克朗代克寻找黄金，找到了黄金和更多。,nan,查理·卓别林,查理·卓别林,马克·斯温,汤姆·穆雷,亨利·伯格曼,101053,"5,450,000"
小福尔摩斯,1924,通过,45分钟,"动作, 喜剧, 爱情",8.2,一名电影放映员渴望成为侦探，在被竞争对手陷害偷走女友父亲的怀表时，发挥了他微薄的技能。,nan,巴斯特·基顿,巴斯特·基顿,凯瑟琳·麦圭尔,乔·基顿,厄尔温·康奈利,41985,"977,375"
燃烧女子的肖像,2019,R,122分钟,"剧情, 爱情",8.1,在十八世纪末的布列塔尼一座偏僻的岛屿上，一位女画家被迫为一位年轻女性绘制婚礼肖像。,95,塞琳·西亚玛,诺米·梅兰,阿黛尔·艾克萨尔,卢安娜·巴贾拉米,瓦莱里亚·戈利诺,63134,"3,759,854"
粉红色,2016,UA,136分钟,"剧情, 惊悚",当三名年轻女性被卷入一桩罪案时，一位退休律师挺身而出，帮助她们洗清冤屈。,nan,阿尼鲁德·罗伊·乔杜里,塔普西·潘努,阿米塔布·巴赫昌,基尔蒂·库尔哈里,安德烈亚·塔里昂,39216,"1,241,223",
声之形,2016,16,130分钟,"动画, 剧情, 家庭",8.1,一名年轻男子在欺负一名聋哑女孩到她搬走后被同学孤立。多年后，他踏上了救赎之路。,78,山田尚子,入野自由,早见沙织,悠木碧,小野贤章,47708,nan
